commodity_name,state,district,market,min_price,max_price,modal_price,date
Groundnut,Tamil Nadu,Villupuram,Ulundurpettai,86.88,88.86,87,3/3/2021
Groundnut,Tamil Nadu,Villupuram,Tindivanam,88.75,97.86,94,3/2/2021
Groundnut,Tamil Nadu,Vellore,Vellore,72.21,100.5,100,3/2/2021
Groundnut,Tamil Nadu,Cuddalore,Shrimushnam,85.86,90.53,90.53,3/10/2021
Groundnut,Tamil Nadu,Villupuram,Manalurpet,84.65,85.15,84.9,3/8/2021
Groundnut,Tamil Nadu,Villupuram,Gingee,86.58,94.61,90.6,3/10/2021
Groundnut,Tamil Nadu,Villupuram,Thirukovilur,89.58,95.45,92.51,3/10/2021
Groundnut,Tamil Nadu,Villupuram,Avalurpet,91.86,96.92,93.72,3/30/2021
Groundnut,Tamil Nadu,Thiruvannamalai,Cheyyar,94.27,97.77,95.72,3/30/2021
Groundnut,Tamil Nadu,Villupuram,Tindivanam,79.61,91.66,89.24,3/30/2021
Groundnut,Tamil Nadu,Villupuram,Ulundurpettai,80.36,95.34,90.83,3/30/2021
Groundnut,Tamil Nadu,Cuddalore,Kurinchipadi,94.9,98.45,96.24,3/12/2021
Groundnut,Tamil Nadu,Vellore,Vellore,80.55,101.74,100,3/12/2021
Groundnut,Tamil Nadu,Villupuram,Vikkiravandi,50.73,81.41,61.98,3/12/2021
Groundnut,Tamil Nadu,Cuddalore,Cuddalore,93.43,95.49,95.49,3/12/2021
Groundnut,Tamil Nadu,Dindigul,Dindigul,48.9,50,49.98,3/23/2021
Groundnut,Tamil Nadu,Coimbatore,Sevur,60,71,65,3/23/2021
Groundnut,Tamil Nadu,Cuddalore,Cuddalore,83.61,91.24,91.24,3/26/2021
Groundnut,Tamil Nadu,Villupuram,Vikkiravandi,52.25,68.28,62.23,3/17/2021
Groundnut,Tamil Nadu,Villupuram,Vikkiravandi,54.73,67.23,62.48,3/16/2021
Groundnut,Tamil Nadu,Cuddalore,Cuddalore,78.36,85.9,85.25,4/16/2021
Groundnut,Tamil Nadu,Villupuram,Kallakurichi,75.36,77.74,76.55,5/24/2019
Groundnut,Tamil Nadu,Villupuram,Thirukovilur,68.36,72.52,72.24,5/24/2019
Groundnut,Tamil Nadu,Villupuram,Tindivanam,75.61,78.99,77.3,5/24/2019
Groundnut,Tamil Nadu,Villupuram,Ulundurpettai,78.48,78.48,78.48,5/24/2019
Groundnut,Tamil Nadu,Villupuram,Vikkiravandi,47.73,62.25,61,5/24/2019
Groundnut,Tamil Nadu,Thiruvannamalai,Cheyyar,66.36,71.99,71.38,5/24/2019
Groundnut,Tamil Nadu,Coimbatore,Sevur,51,59.5,52,5/27/2019
Groundnut,Tamil Nadu,Villupuram,Kallakurichi,77.63,83.83,80.73,5/28/2019
Groundnut,Tamil Nadu,Coimbatore,Sevur,51.5,61,53,5/28/2019
Groundnut,Tamil Nadu,Villupuram,Thirukovilur,69.24,77.36,75.99,5/28/2019
Groundnut,Tamil Nadu,Villupuram,Tindivanam,72.49,79.11,75.8,5/28/2019
Groundnut,Tamil Nadu,Villupuram,Thirukovilur,69.86,77.7,76.36,5/27/2019
Groundnut,Tamil Nadu,Villupuram,Tindivanam,70.86,77.13,74,5/27/2019
Groundnut,Tamil Nadu,Villupuram,Kallakurichi,57.4,57.4,57.4,5/30/2019
Groundnut,Tamil Nadu,Erode,Sivagiri,46.55,60.8,58.69,5/30/2019
Groundnut,Tamil Nadu,Villupuram,Thirukovilur,73.11,81.36,76.24,5/30/2019
Groundnut,Tamil Nadu,Villupuram,Tindivanam,76.13,79,77.57,5/30/2019
Groundnut,Tamil Nadu,Cuddalore,Kurinchipadi,75.88,77.25,75.88,5/28/2019
Groundnut,Tamil Nadu,Villupuram,Ulundurpettai,79.87,79.87,79.87,5/28/2019
Groundnut,Tamil Nadu,Vellore,Vellore,73.25,80.36,80,5/28/2019
Groundnut,Tamil Nadu,Villupuram,Avalurpet,74.92,81.03,78.64,5/27/2019
Groundnut,Tamil Nadu,Thiruvannamalai,Cheyyar,66.23,71.56,70.7,5/27/2019
Groundnut,Tamil Nadu,Villupuram,Gingee,70.61,83.7,77.16,5/27/2019
Groundnut,Tamil Nadu,Villupuram,Kallakurichi,66.25,76.88,71.56,5/27/2019
Groundnut,Tamil Nadu,Cuddalore,Kurinchipadi,78,78.9,78.58,5/27/2019
Groundnut,Tamil Nadu,Villupuram,Ulundurpettai,72,78.37,75.18,5/27/2019
Groundnut,Tamil Nadu,Vellore,Vellore,71.99,78.79,75,5/27/2019
Groundnut,Tamil Nadu,Villupuram,Vikkiravandi,59.75,64.73,60.28,5/27/2019
Groundnut,Tamil Nadu,Villupuram,Avalurpet,63.86,76.58,70.23,5/28/2019
Groundnut,Tamil Nadu,Thiruvannamalai,Cheyyar,66.99,71.11,69.45,5/28/2019
Groundnut,Tamil Nadu,Villupuram,Gingee,62.86,75.16,69.01,5/28/2019
Groundnut,Tamil Nadu,Villupuram,Vikkiravandi,59.23,63.13,61.3,5/28/2019
Groundnut,Tamil Nadu,Villupuram,Gingee,66.99,73.24,70.12,5/29/2019
Groundnut,Tamil Nadu,Cuddalore,Kurinchipadi,71.96,78.86,78.36,5/29/2019
Groundnut,Tamil Nadu,Villupuram,Tindivanam,74.86,80.19,77.53,5/29/2019
Groundnut,Tamil Nadu,Villupuram,Ulundurpettai,79.23,80.86,80.04,5/29/2019
Groundnut,Tamil Nadu,Vellore,Vellore,75.95,82.25,82,5/29/2019
Groundnut,Tamil Nadu,Cuddalore,Cuddalore,70.79,70.79,70.79,5/28/2019
Groundnut,Tamil Nadu,Villupuram,Avalurpet,53.86,76.13,74.11,5/29/2019
Groundnut,Tamil Nadu,Thiruvannamalai,Cheyyar,65.24,70.99,69.36,5/29/2019
Groundnut,Tamil Nadu,Villupuram,Thirukovilur,67.49,72.37,71.99,5/29/2019
Groundnut,Tamil Nadu,Villupuram,Vikkiravandi,59.33,63.13,59.8,5/29/2019
Groundnut,Tamil Nadu,Villupuram,Avalurpet,67.01,83.61,75.31,6/10/2019
Groundnut,Tamil Nadu,Thiruvannamalai,Cheyyar,65.01,72.11,70.29,6/10/2019
Groundnut,Tamil Nadu,Villupuram,Gingee,72.61,78.61,75.61,6/10/2019
Groundnut,Tamil Nadu,Villupuram,Kallakurichi,79.99,82.11,81.05,6/10/2019
Groundnut,Tamil Nadu,Cuddalore,Kurinchipadi,81.94,81.94,81.94,6/10/2019
Groundnut,Tamil Nadu,Coimbatore,Sevur,51,64,52,6/10/2019
Groundnut,Tamil Nadu,Villupuram,Thirukovilur,61.5,77.36,75.86,6/10/2019
Groundnut,Tamil Nadu,Villupuram,Tindivanam,77.11,79.98,78.36,6/10/2019
Groundnut,Tamil Nadu,Vellore,Vellore,76.94,83.89,82,6/10/2019
Groundnut,Tamil Nadu,Villupuram,Vikkiravandi,55.98,60.48,57.98,6/10/2019
Groundnut,Tamil Nadu,Villupuram,Villupuram,74.86,76.36,76.15,6/10/2019
Groundnut,Tamil Nadu,Villupuram,Kallakurichi,77.13,82.49,79.81,5/29/2019
Groundnut,Tamil Nadu,Dindigul,Vedachandur,48.9,49,48.95,5/30/2019
Groundnut,Tamil Nadu,Thiruvannamalai,Cheyyar,67.86,71.54,70.99,6/11/2019
Groundnut,Tamil Nadu,Villupuram,Tindivanam,73.73,79.61,78.38,6/11/2019
Groundnut,Tamil Nadu,Villupuram,Vikkiravandi,57.48,63.73,58.48,6/11/2019
Groundnut,Tamil Nadu,Villupuram,Kallakurichi,43.74,67.99,67.74,6/13/2019
Groundnut,Tamil Nadu,Villupuram,Ulundurpettai,72.34,74.46,73.4,6/11/2019
Groundnut,Tamil Nadu,Villupuram,Avalurpet,65.76,86.67,73.51,6/12/2019
Groundnut,Tamil Nadu,Thiruvannamalai,Cheyyar,60.24,71.99,70.59,6/12/2019
Groundnut,Tamil Nadu,Villupuram,Kallakurichi,80.49,83.24,81.89,6/12/2019
Groundnut,Tamil Nadu,Coimbatore,Sevur,52,62.5,52.5,6/12/2019
Groundnut,Tamil Nadu,Villupuram,Thirukovilur,62.63,78.19,66.12,6/12/2019
Groundnut,Tamil Nadu,Vellore,Vellore,76.11,83.33,80,6/11/2019
Groundnut,Tamil Nadu,Villupuram,Gingee,72.36,75.8,74.08,6/11/2019
Groundnut,Tamil Nadu,Coimbatore,Sevur,52,63,52.5,6/11/2019
Groundnut,Tamil Nadu,Villupuram,Thirukovilur,65.24,78.65,69.49,6/11/2019
Groundnut,Tamil Nadu,Villupuram,Avalurpet,63.36,84.61,72.36,6/18/2019
Groundnut,Tamil Nadu,Thiruvannamalai,Cheyyar,67.74,70.94,70.81,6/18/2019
Groundnut,Tamil Nadu,Villupuram,Gingee,71.49,78.36,74.93,6/18/2019
Groundnut,Tamil Nadu,Cuddalore,Kurinchipadi,79.5,79.5,79.5,6/18/2019
Groundnut,Tamil Nadu,Villupuram,Sangarapuram,68.05,68.05,68.05,6/18/2019
Groundnut,Tamil Nadu,Villupuram,Thirukovilur,77.36,78.24,77.8,6/18/2019
Groundnut,Tamil Nadu,Vellore,Vellore,73.36,86.36,85,6/18/2019
Groundnut,Tamil Nadu,Villupuram,Vikkiravandi,55.23,63.2,58.83,6/18/2019
Groundnut,Tamil Nadu,Villupuram,Kallakurichi,79.16,82.11,80.64,6/20/2019
Groundnut,Tamil Nadu,Villupuram,Thirukovilur,75.13,82.36,78.14,6/20/2019
Groundnut,Tamil Nadu,Villupuram,Tindivanam,68.13,82.99,75.56,6/20/2019
Groundnut,Tamil Nadu,Villupuram,Villupuram,73.5,73.5,73.5,6/11/2019
Groundnut,Tamil Nadu,Villupuram,Kallakurichi,78.74,83.99,81.36,6/17/2019
Groundnut,Tamil Nadu,Villupuram,Thirukovilur,66.61,80.36,73.45,6/17/2019
Groundnut,Tamil Nadu,Villupuram,Tindivanam,72.25,80.31,76.28,6/17/2019
Groundnut,Tamil Nadu,Erode,Anthiyur,55.04,62,57.36,6/12/2019
Groundnut,Tamil Nadu,Villupuram,Gingee,72.49,74.08,73.28,6/12/2019
Groundnut,Tamil Nadu,Cuddalore,Kurinchipadi,78.41,78.41,78.41,6/12/2019
Groundnut,Tamil Nadu,Villupuram,Sangarapuram,57.61,57.61,57.61,6/12/2019
Groundnut,Tamil Nadu,Villupuram,Vikkiravandi,54.9,63.05,57.48,6/12/2019
Groundnut,Tamil Nadu,Coimbatore,Sevur,52,65,53,6/17/2019
Groundnut,Tamil Nadu,Cuddalore,Kurinchipadi,75.73,75.73,75.73,6/14/2019
Groundnut,Tamil Nadu,Vellore,Vellore,73.99,85.08,80,6/14/2019
Groundnut,Tamil Nadu,Villupuram,Gingee,63.61,76.24,69.93,6/13/2019
Groundnut,Tamil Nadu,Villupuram,Tindivanam,78.49,80.61,79.36,6/13/2019
Groundnut,Tamil Nadu,Villupuram,Ulundurpettai,43.49,79.61,61.55,6/13/2019
Groundnut,Tamil Nadu,Villupuram,Vikkiravandi,56.73,62.33,58.48,6/13/2019
Groundnut,Tamil Nadu,Thiruvannamalai,Cheyyar,68.58,72.36,71.66,6/13/2019
Groundnut,Tamil Nadu,Cuddalore,Cuddalore,69.36,69.36,69.36,6/13/2019
Groundnut,Tamil Nadu,Cuddalore,Kurinchipadi,76.62,77.82,77.07,6/13/2019
Groundnut,Tamil Nadu,Vellore,Vellore,76.11,78.2,77,6/13/2019
Groundnut,Tamil Nadu,Villupuram,Avalurpet,65.49,84.38,75.49,6/19/2019
Groundnut,Tamil Nadu,Cuddalore,Kurinchipadi,77.83,79.33,77.83,6/19/2019
Groundnut,Tamil Nadu,Villupuram,Ulundurpettai,82.7,89.61,86.15,6/19/2019
Groundnut,Tamil Nadu,Cuddalore,Shrimushnam,79.16,79.88,79.5,6/13/2019
Groundnut,Tamil Nadu,Coimbatore,Sevur,52,65,52.5,6/14/2019
Groundnut,Tamil Nadu,Vellore,Vellore,52.74,85.13,80,6/19/2019
Groundnut,Tamil Nadu,Villupuram,Tindivanam,77.13,80.86,79.11,6/12/2019
Groundnut,Tamil Nadu,Villupuram,Thirukovilur,81.61,81.86,81.74,6/27/2019
Groundnut,Tamil Nadu,Villupuram,Vikkiravandi,61.38,70.48,63.75,6/27/2019
Groundnut,Tamil Nadu,Villupuram,Thirukovilur,73.61,77.74,77,6/14/2019
Groundnut,Tamil Nadu,Villupuram,Tindivanam,71.15,79.94,75.55,6/14/2019
Groundnut,Tamil Nadu,Villupuram,Gingee,70.24,97.74,83.99,7/25/2019
Groundnut,Tamil Nadu,Villupuram,Avalurpet,68.74,83.7,81.31,6/20/2019
Groundnut,Tamil Nadu,Thiruvannamalai,Cheyyar,68.23,73.14,70.99,6/20/2019
Groundnut,Tamil Nadu,Villupuram,Gingee,73.11,79.98,75.74,6/20/2019
Groundnut,Tamil Nadu,Cuddalore,Kurinchipadi,80.86,80.86,80.86,6/20/2019
Groundnut,Tamil Nadu,Villupuram,Ulundurpettai,72.36,76.36,74.36,6/20/2019
Groundnut,Tamil Nadu,Villupuram,Avalurpet,67.52,87.83,82.16,6/17/2019
Groundnut,Tamil Nadu,Thiruvannamalai,Cheyyar,62.75,72.02,70.49,6/17/2019
Groundnut,Tamil Nadu,Villupuram,Gingee,66.49,77.2,71.85,6/17/2019
Groundnut,Tamil Nadu,Cuddalore,Kurinchipadi,69.86,76.36,72.61,6/17/2019
Groundnut,Tamil Nadu,Villupuram,Vikkiravandi,56.48,61.48,57.78,6/17/2019
Groundnut,Tamil Nadu,Cuddalore,Cuddalore,75.86,75.86,75.86,6/20/2019
Groundnut,Tamil Nadu,Thiruvannamalai,Cheyyar,65.36,79.61,78.53,7/3/2019
Groundnut,Tamil Nadu,Villupuram,Kallakurichi,86.74,86.74,86.74,7/3/2019
Groundnut,Tamil Nadu,Villupuram,Tindivanam,86,92.61,89.31,7/3/2019
Groundnut,Tamil Nadu,Villupuram,Avalurpet,67.61,84.99,76.36,6/14/2019
Groundnut,Tamil Nadu,Villupuram,Ulundurpettai,58.29,62.77,60.53,6/14/2019
Groundnut,Tamil Nadu,Villupuram,Vikkiravandi,53.09,57.74,54.96,6/14/2019
Groundnut,Tamil Nadu,Coimbatore,Sevur,52.5,64.5,53.5,6/18/2019
Groundnut,Tamil Nadu,Cuddalore,Kurinchipadi,88.71,89.96,89.96,6/27/2019
Groundnut,Tamil Nadu,Villupuram,Tindivanam,74.61,80.86,77.74,6/18/2019
Groundnut,Tamil Nadu,Villupuram,Gingee,70.99,85.99,82.15,7/1/2019
Groundnut,Tamil Nadu,Villupuram,Kallakurichi,83.99,90.44,87.21,7/1/2019
Groundnut,Tamil Nadu,Coimbatore,Sevur,52.5,64.5,54,7/1/2019
Groundnut,Tamil Nadu,Villupuram,Thirukovilur,71.19,88.99,83.61,7/1/2019
Groundnut,Tamil Nadu,Thiruvannamalai,Cheyyar,71.28,78.74,78.16,6/25/2019
Groundnut,Tamil Nadu,Villupuram,Gingee,72.61,82.11,76.36,6/25/2019
Groundnut,Tamil Nadu,Coimbatore,Sevur,52,63.5,53,6/25/2019
Groundnut,Tamil Nadu,Villupuram,Thirukovilur,71.11,81,79.49,6/25/2019
Groundnut,Tamil Nadu,Villupuram,Tindivanam,82.61,90,86.31,6/25/2019
Groundnut,Tamil Nadu,Cuddalore,Kurinchipadi,67.4,87.11,86.12,6/24/2019
Groundnut,Tamil Nadu,Villupuram,Sangarapuram,71.36,75,75,6/24/2019
Groundnut,Tamil Nadu,Villupuram,Vikkiravandi,59.23,62.68,60.73,6/24/2019
Groundnut,Tamil Nadu,Villupuram,Vikkiravandi,50.23,61.83,59.73,6/20/2019
Groundnut,Tamil Nadu,Villupuram,Gingee,74.01,78.86,76.44,6/19/2019
Groundnut,Tamil Nadu,Villupuram,Vikkiravandi,52.8,62.93,58.55,6/19/2019
Groundnut,Tamil Nadu,Thiruvannamalai,Cheyyar,68.61,71.9,71.61,6/19/2019
Groundnut,Tamil Nadu,Coimbatore,Sevur,52,64.5,52.5,6/19/2019
Groundnut,Tamil Nadu,Villupuram,Tindivanam,70.63,81.13,75.88,6/19/2019
Groundnut,Tamil Nadu,Villupuram,Avalurpet,69.65,90.86,80.26,6/21/2019
Groundnut,Tamil Nadu,Cuddalore,Kurinchipadi,79.99,81.41,79.99,6/21/2019
Groundnut,Tamil Nadu,Villupuram,Ulundurpettai,73.75,82.21,77.98,6/21/2019
Groundnut,Tamil Nadu,Vellore,Vellore,71.11,86.11,80,6/21/2019
Groundnut,Tamil Nadu,Villupuram,Kallakurichi,82.99,88.88,83.63,6/28/2019
Groundnut,Tamil Nadu,Villupuram,Tindivanam,80.24,92.25,86.25,6/28/2019
Groundnut,Tamil Nadu,Thiruvannamalai,Cheyyar,73.58,81.28,80.2,6/26/2019
Groundnut,Tamil Nadu,Villupuram,Tindivanam,84.24,88.36,86.3,6/26/2019
Groundnut,Tamil Nadu,Erode,Sivagiri,53.69,62.2,58.89,6/19/2019
Groundnut,Tamil Nadu,Thiruvannamalai,Cheyyar,70.61,74.36,73.36,6/21/2019
Groundnut,Tamil Nadu,Villupuram,Gingee,73.36,73.51,73.44,6/21/2019
Groundnut,Tamil Nadu,Villupuram,Tindivanam,81.74,84,82.87,6/21/2019
Groundnut,Tamil Nadu,Villupuram,Vikkiravandi,56.73,63.88,58.23,6/21/2019
Groundnut,Tamil Nadu,Cuddalore,Cuddalore,83.36,83.36,83.36,7/2/2019
Groundnut,Tamil Nadu,Villupuram,Kallakurichi,76.24,81.24,78.74,6/21/2019
Groundnut,Tamil Nadu,Villupuram,Thirukovilur,72.61,80.13,76.36,6/21/2019
Groundnut,Tamil Nadu,Erode,Anthiyur,55.81,66,63,7/3/2019
Groundnut,Tamil Nadu,Coimbatore,Sevur,52,64,52.5,6/27/2019
Groundnut,Tamil Nadu,Villupuram,Gingee,71.74,83.11,78.86,6/26/2019
Groundnut,Tamil Nadu,Villupuram,Thirukovilur,81.13,82.46,81.8,6/26/2019
Groundnut,Tamil Nadu,Cuddalore,Cuddalore,86.11,86.11,86.11,6/25/2019
Groundnut,Tamil Nadu,Cuddalore,Kurinchipadi,83.61,88.99,87.41,6/25/2019
Groundnut,Tamil Nadu,Villupuram,Ulundurpettai,87.11,87.11,87.11,6/25/2019
Groundnut,Tamil Nadu,Thiruvannamalai,Cheyyar,61.23,82.83,82.45,6/27/2019
Groundnut,Tamil Nadu,Villupuram,Gingee,74.61,88.86,81.91,6/27/2019
Groundnut,Tamil Nadu,Villupuram,Tindivanam,78.61,92.11,85.96,6/27/2019
Groundnut,Tamil Nadu,Cuddalore,Virudhachalam,81.48,92.11,90.86,6/27/2019
Groundnut,Tamil Nadu,Villupuram,Villupuram,71.25,71.25,71.25,7/4/2019
Groundnut,Tamil Nadu,Vellore,Vellore,79.89,95.11,94,7/5/2019
Groundnut,Tamil Nadu,Thiruvannamalai,Cheyyar,77.9,82.11,79.61,7/10/2019
Groundnut,Tamil Nadu,Villupuram,Villupuram,65.24,65.24,65.24,7/10/2019
Groundnut,Tamil Nadu,Thiruvannamalai,Cheyyar,73.89,77.99,77.74,6/24/2019
Groundnut,Tamil Nadu,Villupuram,Kallakurichi,79.61,83.39,81.5,6/24/2019
Groundnut,Tamil Nadu,Coimbatore,Sevur,52,62.5,53,6/24/2019
Groundnut,Tamil Nadu,Villupuram,Thirukovilur,76.36,80.36,78.36,6/24/2019
Groundnut,Tamil Nadu,Villupuram,Tindivanam,73.25,86.25,79.75,6/24/2019
Groundnut,Tamil Nadu,Coimbatore,Sevur,52,63,53,7/3/2019
Groundnut,Tamil Nadu,Villupuram,Vikkiravandi,58.4,62.48,60.5,7/3/2019
Groundnut,Tamil Nadu,Villupuram,Avalurpet,73.13,95.13,84.13,6/25/2019
Groundnut,Tamil Nadu,Villupuram,Vikkiravandi,57.23,59.3,57.5,6/25/2019
Groundnut,Tamil Nadu,Villupuram,Avalurpet,62.36,91.25,84.74,6/24/2019
Groundnut,Tamil Nadu,Villupuram,Gingee,72.74,82.24,78.11,6/24/2019
Groundnut,Tamil Nadu,Cuddalore,Kurinchipadi,65,94.41,69.61,7/10/2019
Groundnut,Tamil Nadu,Villupuram,Avalurpet,74.24,100.86,87.55,6/27/2019
Groundnut,Tamil Nadu,Villupuram,Ulundurpettai,71.03,71.03,71.03,6/27/2019
Groundnut,Tamil Nadu,Villupuram,Avalurpet,70.74,98.36,84.53,6/26/2019
Groundnut,Tamil Nadu,Vellore,Vellore,78.61,90.01,80,6/26/2019
Groundnut,Tamil Nadu,Villupuram,Vikkiravandi,61.73,64.25,63.25,6/26/2019
Groundnut,Tamil Nadu,Coimbatore,Sevur,55,71,57,8/29/2019
Groundnut,Tamil Nadu,Villupuram,Avalurpet,71.75,97.11,84.44,6/28/2019
Groundnut,Tamil Nadu,Cuddalore,Shrimushnam,85.49,85.49,85.49,6/28/2019
Groundnut,Tamil Nadu,Villupuram,Thirukovilur,80.86,88.26,84.56,6/28/2019
Groundnut,Tamil Nadu,Villupuram,Vikkiravandi,59.05,64.98,60.3,6/28/2019
Groundnut,Tamil Nadu,Villupuram,Gingee,74.99,88.99,81.25,7/2/2019
Groundnut,Tamil Nadu,Villupuram,Kallakurichi,72.36,72.36,72.36,7/2/2019
Groundnut,Tamil Nadu,Coimbatore,Sevur,53,65,55,7/2/2019
Groundnut,Tamil Nadu,Villupuram,Tindivanam,75,90.45,82.75,7/2/2019
Groundnut,Tamil Nadu,Coimbatore,Sevur,51,63,52,6/28/2019
Groundnut,Tamil Nadu,Villupuram,Avalurpet,78.87,96.26,87.58,7/2/2019
Groundnut,Tamil Nadu,Thiruvannamalai,Cheyyar,71.36,79.99,79.36,7/2/2019
Groundnut,Tamil Nadu,Cuddalore,Kurinchipadi,87.49,87.49,87.49,7/2/2019
Groundnut,Tamil Nadu,Vellore,Vellore,76.25,94.58,92,7/2/2019
Groundnut,Tamil Nadu,Villupuram,Vikkiravandi,62.85,72.08,67.08,7/2/2019
Groundnut,Tamil Nadu,Villupuram,Avalurpet,75.89,91.36,81.33,7/4/2019
Groundnut,Tamil Nadu,Cuddalore,Kurinchipadi,90.11,90.11,90.11,7/4/2019
Groundnut,Tamil Nadu,Villupuram,Vikkiravandi,59.85,69.83,64.73,7/4/2019
Groundnut,Tamil Nadu,Vellore,Vellore,73.33,95.83,95,7/8/2019
Groundnut,Tamil Nadu,Thiruvannamalai,Cheyyar,74.68,79.86,79.11,6/28/2019
Groundnut,Tamil Nadu,Villupuram,Gingee,67.41,82.49,79.99,6/28/2019
Groundnut,Tamil Nadu,Villupuram,Gingee,76.86,95.03,85.95,8/1/2019
Groundnut,Tamil Nadu,Coimbatore,Sevur,54,65,55,8/1/2019
Groundnut,Tamil Nadu,Villupuram,Tindivanam,88.74,96.29,92.49,8/1/2019
Groundnut,Tamil Nadu,Villupuram,Vikkiravandi,59.5,61.38,60.23,8/1/2019
Groundnut,Tamil Nadu,Cuddalore,Virudhachalam,81.11,91.48,91.11,6/28/2019
Groundnut,Tamil Nadu,Thiruvannamalai,Cheyyar,75.11,82.71,79.11,7/9/2019
Groundnut,Tamil Nadu,Cuddalore,Kurinchipadi,72.33,92.45,84.58,7/9/2019
Groundnut,Tamil Nadu,Vellore,Vellore,75.14,96.24,96,7/9/2019
Groundnut,Tamil Nadu,Villupuram,Vikkiravandi,52.3,66.83,58,7/9/2019
Groundnut,Tamil Nadu,Vellore,Vellore,77.78,93.73,90,7/1/2019
Groundnut,Tamil Nadu,Cuddalore,Kurinchipadi,68.41,98.25,80.38,7/29/2019
Groundnut,Tamil Nadu,Villupuram,Vikkiravandi,59.55,67.48,64.35,7/29/2019
Groundnut,Tamil Nadu,Villupuram,Gingee,67.49,103.95,87.5,7/23/2019
Groundnut,Tamil Nadu,Villupuram,Thirukovilur,76.24,93.49,84.74,7/23/2019
Groundnut,Tamil Nadu,Villupuram,Tindivanam,84.99,100.74,92.87,7/23/2019
Groundnut,Tamil Nadu,Villupuram,Villupuram,72.74,83.61,78.61,7/23/2019
Groundnut,Tamil Nadu,Thiruvannamalai,Cheyyar,78.12,86.36,84.12,7/30/2019
Groundnut,Tamil Nadu,Villupuram,Ulundurpettai,102.08,102.08,102.08,7/30/2019
Groundnut,Tamil Nadu,Vellore,Vellore,70.83,97.74,95,7/30/2019
Groundnut,Tamil Nadu,Villupuram,Villupuram,83.61,84.86,84.09,7/30/2019
Groundnut,Tamil Nadu,Villupuram,Ulundurpettai,83.57,83.57,83.57,7/2/2019
Groundnut,Tamil Nadu,Villupuram,Avalurpet,75.5,100.01,87.76,7/1/2019
Groundnut,Tamil Nadu,Cuddalore,Kurinchipadi,84.24,87.38,87.38,7/1/2019
Groundnut,Tamil Nadu,Villupuram,Ulundurpettai,62.61,90.71,76.66,7/1/2019
Groundnut,Tamil Nadu,Villupuram,Vikkiravandi,54.23,69.23,62.48,7/1/2019
Groundnut,Tamil Nadu,Villupuram,Gingee,75.99,88.36,83.13,7/5/2019
Groundnut,Tamil Nadu,Villupuram,Kallakurichi,79.61,89.36,85.36,7/5/2019
Groundnut,Tamil Nadu,Villupuram,Thirukovilur,83.86,90.15,89.36,7/5/2019
Groundnut,Tamil Nadu,Villupuram,Tindivanam,82.61,95.54,89.08,7/5/2019
Groundnut,Tamil Nadu,Dindigul,Vedachandur,48,51,49,7/5/2019
Groundnut,Tamil Nadu,Villupuram,Avalurpet,70.11,94.86,85.99,7/5/2019
Groundnut,Tamil Nadu,Thiruvannamalai,Cheyyar,74.86,79.86,79.49,7/5/2019
Groundnut,Tamil Nadu,Cuddalore,Shrimushnam,79.16,90.49,88.36,7/5/2019
Groundnut,Tamil Nadu,Cuddalore,Shrimushnam,81.26,93.86,87.5,7/10/2019
Groundnut,Tamil Nadu,Villupuram,Avalurpet,60.69,82.59,75.17,7/23/2019
Groundnut,Tamil Nadu,Cuddalore,Kurinchipadi,74.11,92.49,76.61,7/23/2019
Groundnut,Tamil Nadu,Vellore,Vellore,76.49,97.75,96,7/23/2019
Groundnut,Tamil Nadu,Villupuram,Vikkiravandi,59.23,68.8,68.75,7/23/2019
Groundnut,Tamil Nadu,Villupuram,Ulundurpettai,101.26,101.26,101.26,7/19/2019
Groundnut,Tamil Nadu,Villupuram,Villupuram,24.89,24.89,24.89,7/19/2019
Groundnut,Tamil Nadu,Cuddalore,Kurinchipadi,84.36,89.11,86.5,7/3/2019
Groundnut,Tamil Nadu,Erode,Sivagiri,52.92,65.06,63.43,7/3/2019
Groundnut,Tamil Nadu,Villupuram,Gingee,83.49,86.99,84.38,7/4/2019
Groundnut,Tamil Nadu,Villupuram,Thirukovilur,76.16,88.74,85.11,7/4/2019
Groundnut,Tamil Nadu,Villupuram,Avalurpet,79.88,96.29,88.09,7/3/2019
Groundnut,Tamil Nadu,Villupuram,Gingee,72.11,86.36,79.24,7/3/2019
Groundnut,Tamil Nadu,Villupuram,Thirukovilur,76.2,87.11,86.23,7/3/2019
Groundnut,Tamil Nadu,Villupuram,Ulundurpettai,70.7,70.7,70.7,7/3/2019
Groundnut,Tamil Nadu,Villupuram,Ulundurpettai,92.46,92.46,92.46,7/9/2019
Groundnut,Tamil Nadu,Thiruvannamalai,Cheyyar,68.86,79.49,78.24,7/4/2019
Groundnut,Tamil Nadu,Villupuram,Tindivanam,78.74,94.61,86.68,7/4/2019
Groundnut,Tamil Nadu,Villupuram,Ulundurpettai,81.24,89.61,85.42,7/4/2019
Groundnut,Tamil Nadu,Villupuram,Gingee,83.11,89.24,86.18,7/9/2019
Groundnut,Tamil Nadu,Villupuram,Thirukovilur,71.2,88.7,87.49,7/9/2019
Groundnut,Tamil Nadu,Villupuram,Tindivanam,88.74,91.11,89.93,7/9/2019
Groundnut,Tamil Nadu,Villupuram,Avalurpet,72.36,102.61,95,8/5/2019
Groundnut,Tamil Nadu,Thiruvannamalai,Cheyyar,70.15,85.01,82.16,8/5/2019
Groundnut,Tamil Nadu,Villupuram,Ulundurpettai,94.08,106.12,100.1,8/5/2019
Groundnut,Tamil Nadu,Villupuram,Avalurpet,73.75,94.61,89.24,7/8/2019
Groundnut,Tamil Nadu,Thiruvannamalai,Cheyyar,71.36,80.25,78.61,7/8/2019
Groundnut,Tamil Nadu,Villupuram,Vikkiravandi,59.85,68.6,66.48,7/8/2019
Groundnut,Tamil Nadu,Thiruvannamalai,Cheyyar,76.46,82.24,80.49,7/24/2019
Groundnut,Tamil Nadu,Villupuram,Villupuram,76.61,90,80.36,7/24/2019
Groundnut,Tamil Nadu,Villupuram,Vikkiravandi,60.23,66.3,60.98,7/5/2019
Groundnut,Tamil Nadu,Thiruvannamalai,Cheyyar,72.11,81.49,79.9,7/18/2019
Groundnut,Tamil Nadu,Villupuram,Avalurpet,57.69,83.69,76.89,7/26/2019
Groundnut,Tamil Nadu,Villupuram,Ulundurpettai,83.73,83.73,83.73,7/26/2019
Groundnut,Tamil Nadu,Villupuram,Vikkiravandi,60.08,65.23,62.98,7/26/2019
Groundnut,Tamil Nadu,Villupuram,Gingee,86.11,91.74,87.5,7/8/2019
Groundnut,Tamil Nadu,Coimbatore,Sevur,52,64,53.5,7/8/2019
Groundnut,Tamil Nadu,Villupuram,Thirukovilur,58.69,89.61,78.69,7/8/2019
Groundnut,Tamil Nadu,Villupuram,Tindivanam,79.99,92.11,86.05,7/8/2019
Groundnut,Tamil Nadu,Thiruvannamalai,Cheyyar,72.74,83.48,80.3,7/22/2019
Groundnut,Tamil Nadu,Villupuram,Gingee,63.36,105.36,84.36,7/22/2019
Groundnut,Tamil Nadu,Villupuram,Thirukovilur,84.4,93.11,88.76,7/22/2019
Groundnut,Tamil Nadu,Villupuram,Tindivanam,80.74,98.99,89.87,7/22/2019
Groundnut,Tamil Nadu,Villupuram,Gingee,75.86,94.36,87.5,7/10/2019
Groundnut,Tamil Nadu,Villupuram,Kallakurichi,86.15,86.15,86.15,7/10/2019
Groundnut,Tamil Nadu,Coimbatore,Sevur,54,66.5,55,7/10/2019
Groundnut,Tamil Nadu,Villupuram,Tindivanam,81.24,91.99,86.62,7/10/2019
Groundnut,Tamil Nadu,Cuddalore,Kurinchipadi,73.61,93.99,82.86,7/8/2019
Groundnut,Tamil Nadu,Ariyalur,Ariyalur Market,81.25,95.6,88.75,8/6/2019
Groundnut,Tamil Nadu,Villupuram,Gingee,79.24,94.99,84.99,7/18/2019
Groundnut,Tamil Nadu,Villupuram,Kallakurichi,83.66,90.91,87.29,7/18/2019
Groundnut,Tamil Nadu,Coimbatore,Sevur,54,68.7,55,7/18/2019
Groundnut,Tamil Nadu,Villupuram,Thirukovilur,85,92.66,90.75,7/18/2019
Groundnut,Tamil Nadu,Villupuram,Tindivanam,87.49,107.15,97.32,7/18/2019
Groundnut,Tamil Nadu,Cuddalore,Panruti,88.95,88.95,88.95,7/9/2019
Groundnut,Tamil Nadu,Coimbatore,Sevur,55,68.5,56,7/24/2019
Groundnut,Tamil Nadu,Erode,Anthiyur,58.1,65.5,63,7/10/2019
Groundnut,Tamil Nadu,Villupuram,Avalurpet,73.11,92.36,88.61,7/10/2019
Groundnut,Tamil Nadu,Villupuram,Thirukovilur,82.49,89.49,86.74,7/10/2019
Groundnut,Tamil Nadu,Villupuram,Ulundurpettai,87.18,92.23,89.7,7/10/2019
Groundnut,Tamil Nadu,Vellore,Vellore,71.11,95.49,95,7/10/2019
Groundnut,Tamil Nadu,Villupuram,Vikkiravandi,54.8,68.48,62.23,7/10/2019
Groundnut,Tamil Nadu,Villupuram,Ulundurpettai,95.25,95.25,95.25,7/23/2019
Groundnut,Tamil Nadu,Villupuram,Gingee,73.99,106.86,106.79,7/19/2019
Groundnut,Tamil Nadu,Coimbatore,Sevur,54,68,55,7/19/2019
Groundnut,Tamil Nadu,Villupuram,Thirukovilur,76.24,92.24,87.46,7/19/2019
Groundnut,Tamil Nadu,Villupuram,Tindivanam,90.11,107.75,98.93,7/19/2019
Groundnut,Tamil Nadu,Villupuram,Avalurpet,72.36,118.61,112.32,7/18/2019
Groundnut,Tamil Nadu,Cuddalore,Kurinchipadi,75.11,95.33,77.11,7/18/2019
Groundnut,Tamil Nadu,Villupuram,Vikkiravandi,63.58,77.53,71.48,7/18/2019
Groundnut,Tamil Nadu,Villupuram,Gingee,77.74,93.74,85.74,8/19/2019
Groundnut,Tamil Nadu,Coimbatore,Sevur,55,66,56,8/19/2019
Groundnut,Tamil Nadu,Villupuram,Thirukovilur,72.69,92.11,78.86,8/19/2019
Groundnut,Tamil Nadu,Villupuram,Tindivanam,67.23,99.03,92.03,8/19/2019
Groundnut,Tamil Nadu,Villupuram,Kallakurichi,84.91,100.49,89.9,7/22/2019
Groundnut,Tamil Nadu,Cuddalore,Kurinchipadi,76.5,90.78,81.36,7/22/2019
Groundnut,Tamil Nadu,Vellore,Vellore,72.21,100.25,100,7/22/2019
Groundnut,Tamil Nadu,Villupuram,Vikkiravandi,67.5,73.45,71.83,7/22/2019
Groundnut,Tamil Nadu,Villupuram,Villupuram,84.86,84.86,84.86,7/22/2019
Groundnut,Tamil Nadu,Coimbatore,Sevur,54,64,55,8/2/2019
Groundnut,Tamil Nadu,Villupuram,Thirukovilur,72.12,93.36,85.31,8/2/2019
Groundnut,Tamil Nadu,Villupuram,Tindivanam,86.25,101.5,93.88,8/2/2019
Groundnut,Tamil Nadu,Villupuram,Villupuram,73.61,90,86.5,8/2/2019
Groundnut,Tamil Nadu,Villupuram,Avalurpet,77.13,104.61,98.32,7/30/2019
Groundnut,Tamil Nadu,Villupuram,Gingee,68.61,101.61,85.11,7/30/2019
Groundnut,Tamil Nadu,Villupuram,Vikkiravandi,54.93,62,57.85,7/30/2019
Groundnut,Tamil Nadu,Vellore,Vellore,80.55,100.11,100,7/19/2019
Groundnut,Tamil Nadu,Villupuram,Vikkiravandi,70.48,75.98,75.73,7/19/2019
Groundnut,Tamil Nadu,Thiruvannamalai,Cheyyar,70.11,81.61,79.94,8/1/2019
Groundnut,Tamil Nadu,Villupuram,Kallakurichi,80.24,80.24,80.24,7/31/2019
Groundnut,Tamil Nadu,Coimbatore,Sevur,55,65,56.5,7/31/2019
Groundnut,Tamil Nadu,Villupuram,Thirukovilur,67.49,93.89,85.86,7/31/2019
Groundnut,Tamil Nadu,Villupuram,Tindivanam,83.74,93.11,88.43,7/31/2019
Groundnut,Tamil Nadu,Villupuram,Avalurpet,67.36,108.61,99.59,7/29/2019
Groundnut,Tamil Nadu,Villupuram,Sangarapuram,57.98,57.98,57.98,7/29/2019
Groundnut,Tamil Nadu,Villupuram,Ulundurpettai,83.48,83.48,83.48,7/29/2019
Groundnut,Tamil Nadu,Vellore,Vellore,73.61,99.04,95,7/29/2019
Groundnut,Tamil Nadu,Cuddalore,Virudhachalam,85.99,105.36,93.87,8/27/2019
Groundnut,Tamil Nadu,Villupuram,Vikkiravandi,62.23,65.98,62.98,8/6/2019
Groundnut,Tamil Nadu,Thiruvannamalai,Cheyyar,78.9,82.71,80.6,7/31/2019
Groundnut,Tamil Nadu,Villupuram,Kallakurichi,70.13,70.13,70.13,8/7/2019
Groundnut,Tamil Nadu,Coimbatore,Sevur,54,66,55,8/7/2019
Groundnut,Tamil Nadu,Villupuram,Thirukovilur,58.61,76.49,74.46,8/7/2019
Groundnut,Tamil Nadu,Villupuram,Tindivanam,93.4,102.11,94.24,8/7/2019
Groundnut,Tamil Nadu,Villupuram,Gingee,69.95,98.7,84.33,7/26/2019
Groundnut,Tamil Nadu,Villupuram,Thirukovilur,76.99,89.87,84.36,7/26/2019
Groundnut,Tamil Nadu,Villupuram,Tindivanam,71.24,101.25,86.25,7/26/2019
Groundnut,Tamil Nadu,Villupuram,Villupuram,77.24,77.24,77.24,7/26/2019
Groundnut,Tamil Nadu,Villupuram,Thirukovilur,72.24,93.94,79.86,7/24/2019
Groundnut,Tamil Nadu,Villupuram,Tindivanam,77.49,100.19,88.84,7/24/2019
Groundnut,Tamil Nadu,Thiruvannamalai,Cheyyar,82.61,86.51,83.76,8/21/2019
Groundnut,Tamil Nadu,Thiruvannamalai,Cheyyar,78,84.49,82.37,7/26/2019
Groundnut,Tamil Nadu,Vellore,Vellore,96.25,100.62,100,8/30/2019
Groundnut,Tamil Nadu,Vellore,Vellore,78.8,98.6,95,7/24/2019
Groundnut,Tamil Nadu,Villupuram,Vikkiravandi,60.23,74.55,69.73,7/24/2019
Groundnut,Tamil Nadu,Villupuram,Gingee,77.16,98.08,87.62,8/16/2019
Groundnut,Tamil Nadu,Villupuram,Vikkiravandi,62.23,66.05,63.05,8/16/2019
Groundnut,Tamil Nadu,Villupuram,Avalurpet,77.74,87.36,83.86,9/6/2019
Groundnut,Tamil Nadu,Villupuram,Ulundurpettai,80.36,80.36,80.36,9/6/2019
Groundnut,Tamil Nadu,Vellore,Vellore,77.45,98.61,98,9/6/2019
Groundnut,Tamil Nadu,Villupuram,Vikkiravandi,66.73,72.48,68.23,9/6/2019
Groundnut,Tamil Nadu,Villupuram,Kallakurichi,83.36,89.54,86.45,7/25/2019
Groundnut,Tamil Nadu,Coimbatore,Sevur,55,65,56,7/25/2019
Groundnut,Tamil Nadu,Villupuram,Thirukovilur,73.75,92,84.99,7/25/2019
Groundnut,Tamil Nadu,Villupuram,Tindivanam,77.61,101.75,89.68,7/25/2019
Groundnut,Tamil Nadu,Villupuram,Vikkiravandi,62.23,71.3,67.23,7/25/2019
Groundnut,Tamil Nadu,Dindigul,Dindigul,48.9,51,49.5,8/9/2019
Groundnut,Tamil Nadu,Villupuram,Kallakurichi,84.9,87.61,86.26,7/29/2019
Groundnut,Tamil Nadu,Villupuram,Avalurpet,73.62,106.36,93.96,7/24/2019
Groundnut,Tamil Nadu,Cuddalore,Kurinchipadi,76.61,95.86,78.24,7/24/2019
Groundnut,Tamil Nadu,Villupuram,Avalurpet,77.13,106.74,99.86,7/31/2019
Groundnut,Tamil Nadu,Cuddalore,Cuddalore,77.11,77.11,77.11,7/31/2019
Groundnut,Tamil Nadu,Cuddalore,Kurinchipadi,70.7,93.43,70.7,7/31/2019
Groundnut,Tamil Nadu,Villupuram,Ulundurpettai,102.61,104.61,103.61,7/31/2019
Groundnut,Tamil Nadu,Vellore,Vellore,74.11,96.26,95,7/31/2019
Groundnut,Tamil Nadu,Villupuram,Vikkiravandi,59.98,65.48,61.73,7/31/2019
Groundnut,Tamil Nadu,Villupuram,Gingee,73.36,101.36,87.36,7/29/2019
Groundnut,Tamil Nadu,Coimbatore,Sevur,55.5,68.5,56.5,7/29/2019
Groundnut,Tamil Nadu,Villupuram,Thirukovilur,72.36,94.99,88.26,7/29/2019
Groundnut,Tamil Nadu,Villupuram,Tindivanam,83.36,95.49,89.43,7/29/2019
Groundnut,Tamil Nadu,Thiruvannamalai,Cheyyar,84.7,86.74,85.34,9/4/2019
Groundnut,Tamil Nadu,Villupuram,Avalurpet,83.36,89.61,86.36,9/18/2019
Groundnut,Tamil Nadu,Villupuram,Thirukovilur,82.36,95.24,87.61,9/18/2019
Groundnut,Tamil Nadu,Villupuram,Avalurpet,82.63,108.21,95.86,7/25/2019
Groundnut,Tamil Nadu,Thiruvannamalai,Cheyyar,70.74,85.84,81.82,7/25/2019
Groundnut,Tamil Nadu,Villupuram,Villupuram,91.11,91.11,91.11,7/25/2019
Groundnut,Tamil Nadu,Villupuram,Kallakurichi,84.29,96.24,91.24,8/5/2019
Groundnut,Tamil Nadu,Coimbatore,Sevur,54.5,65,55.5,8/5/2019
Groundnut,Tamil Nadu,Villupuram,Thirukovilur,64.89,94.61,77.36,8/5/2019
Groundnut,Tamil Nadu,Villupuram,Tindivanam,87.36,96.13,90.31,8/5/2019
Groundnut,Tamil Nadu,Coimbatore,Sevur,54,66.2,55,8/6/2019
Groundnut,Tamil Nadu,Thiruvannamalai,Cheyyar,80.62,84.24,82.74,8/2/2019
Groundnut,Tamil Nadu,Villupuram,Gingee,73.36,97.74,85.55,8/2/2019
Groundnut,Tamil Nadu,Villupuram,Vikkiravandi,56.73,57.55,57.5,8/2/2019
Groundnut,Tamil Nadu,Villupuram,Avalurpet,78.86,100.36,92.02,8/8/2019
Groundnut,Tamil Nadu,Thiruvannamalai,Cheyyar,76.4,82.36,79.26,8/8/2019
Groundnut,Tamil Nadu,Villupuram,Gingee,76.99,97.49,87.24,8/8/2019
Groundnut,Tamil Nadu,Villupuram,Vikkiravandi,63.2,65.03,64.72,8/8/2019
Groundnut,Tamil Nadu,Villupuram,Thirukovilur,61.32,88.11,81.99,8/9/2019
Groundnut,Tamil Nadu,Villupuram,Tindivanam,79.24,99.65,89.45,8/9/2019
Groundnut,Tamil Nadu,Coimbatore,Sevur,56,60.7,57.5,11/12/2019
Groundnut,Tamil Nadu,Villupuram,Gingee,67.61,93.24,80.43,8/5/2019
Groundnut,Tamil Nadu,Villupuram,Gingee,79.24,94.36,86.8,8/13/2019
Groundnut,Tamil Nadu,Villupuram,Ulundurpettai,83.71,103.96,93.83,8/13/2019
Groundnut,Tamil Nadu,Villupuram,Villupuram,79.39,79.39,79.39,8/13/2019
Groundnut,Tamil Nadu,Villupuram,Avalurpet,73.36,103.86,92.61,8/1/2019
Groundnut,Tamil Nadu,Cuddalore,Kurinchipadi,68.86,85.28,75.86,8/1/2019
Groundnut,Tamil Nadu,Thiruvannamalai,Cheyyar,83.65,84.74,84.02,8/16/2019
Groundnut,Tamil Nadu,Thiruvannamalai,Cheyyar,77.36,84.76,82.48,7/29/2019
Groundnut,Tamil Nadu,Villupuram,Ulundurpettai,105.11,105.11,105.11,9/17/2019
Groundnut,Tamil Nadu,Vellore,Vellore,63.5,86.49,85,9/17/2019
Groundnut,Tamil Nadu,Thiruvannamalai,Cheyyar,76.24,82.75,82.24,8/9/2019
Groundnut,Tamil Nadu,Cuddalore,Kurinchipadi,86.88,86.88,86.88,8/9/2019
Groundnut,Tamil Nadu,Villupuram,Ulundurpettai,76.5,76.5,76.5,8/9/2019
Groundnut,Tamil Nadu,Vellore,Vellore,70.83,95.86,90,8/9/2019
Groundnut,Tamil Nadu,Villupuram,Villupuram,83.61,83.61,83.61,8/9/2019
Groundnut,Tamil Nadu,Coimbatore,Sevur,56,60.7,58,11/13/2019
Groundnut,Tamil Nadu,Villupuram,Avalurpet,74.11,100.01,93.76,8/19/2019
Groundnut,Tamil Nadu,Thiruvannamalai,Cheyyar,82.49,85.9,83.12,8/19/2019
Groundnut,Tamil Nadu,Villupuram,Kallakurichi,91.24,103.5,97.38,7/30/2019
Groundnut,Tamil Nadu,Villupuram,Thirukovilur,63.61,93.24,81.86,7/30/2019
Groundnut,Tamil Nadu,Villupuram,Tindivanam,89.38,102.61,96,7/30/2019
Groundnut,Tamil Nadu,Thiruvannamalai,Cheyyar,72.75,83.91,81.12,10/3/2019
Groundnut,Tamil Nadu,Villupuram,Kallakurichi,75,88.9,81.95,8/20/2019
Groundnut,Tamil Nadu,Villupuram,Thirukovilur,84.87,92.41,87.89,8/20/2019
Groundnut,Tamil Nadu,Villupuram,Tindivanam,86.24,100.12,94.61,8/20/2019
Groundnut,Tamil Nadu,Villupuram,Tindivanam,80.88,104.61,92.75,9/16/2019
Groundnut,Tamil Nadu,Villupuram,Gingee,73.36,100.95,87.16,7/31/2019
Groundnut,Tamil Nadu,Villupuram,Thirukovilur,79.61,100.24,89.93,9/13/2019
Groundnut,Tamil Nadu,Villupuram,Thirukovilur,69.94,88.64,83.74,8/1/2019
Groundnut,Tamil Nadu,Villupuram,Avalurpet,75.11,94.38,93.45,8/6/2019
Groundnut,Tamil Nadu,Thiruvannamalai,Cheyyar,76.23,83.61,81.49,8/6/2019
Groundnut,Tamil Nadu,Villupuram,Gingee,70.61,96,83.61,8/6/2019
Groundnut,Tamil Nadu,Villupuram,Ulundurpettai,87.37,106.12,96.74,8/6/2019
Groundnut,Tamil Nadu,Thiruvannamalai,Cheyyar,72.26,80.36,78.32,10/10/2019
Groundnut,Tamil Nadu,Villupuram,Gingee,75.45,89.99,85,10/10/2019
Groundnut,Tamil Nadu,Villupuram,Gingee,75.86,92.91,84.39,9/19/2019
Groundnut,Tamil Nadu,Villupuram,Ulundurpettai,109.96,110.11,110.03,9/19/2019
Groundnut,Tamil Nadu,Vellore,Vellore,80.86,104.61,100,9/19/2019
Groundnut,Tamil Nadu,Villupuram,Vikkiravandi,65.23,70.73,69.72,9/19/2019
Groundnut,Tamil Nadu,Villupuram,Kallakurichi,98.6,102.29,100.45,8/8/2019
Groundnut,Tamil Nadu,Villupuram,Thirukovilur,69.94,84.88,79.49,8/8/2019
Groundnut,Tamil Nadu,Villupuram,Tindivanam,70.88,96.25,83.57,8/8/2019
Groundnut,Tamil Nadu,Villupuram,Villupuram,83.66,83.66,83.66,8/8/2019
Groundnut,Tamil Nadu,Villupuram,Thirukovilur,62.63,92.74,80.86,8/22/2019
Groundnut,Tamil Nadu,Villupuram,Tindivanam,74.25,102.75,93.74,8/22/2019
Groundnut,Tamil Nadu,Villupuram,Kallakurichi,79.86,90,84.94,8/14/2019
Groundnut,Tamil Nadu,Villupuram,Tindivanam,66.2,99.86,90.64,8/14/2019
Groundnut,Tamil Nadu,Villupuram,Avalurpet,67.75,102.64,98.24,8/7/2019
Groundnut,Tamil Nadu,Thiruvannamalai,Cheyyar,71.48,82.11,76.26,8/7/2019
Groundnut,Tamil Nadu,Villupuram,Vikkiravandi,60.98,66.4,64.57,8/7/2019
Groundnut,Tamil Nadu,Villupuram,Avalurpet,75.88,101.21,93.88,8/2/2019
Groundnut,Tamil Nadu,Villupuram,Ulundurpettai,83.86,102.61,93.23,8/14/2019
Groundnut,Tamil Nadu,Villupuram,Vikkiravandi,57.48,65.33,63.23,8/14/2019
Groundnut,Tamil Nadu,Thiruvannamalai,Cheyyar,81.74,84.49,82.7,8/14/2019
Groundnut,Tamil Nadu,Villupuram,Villupuram,78.75,85.36,80.59,8/14/2019
Groundnut,Tamil Nadu,Villupuram,Kallakurichi,85.13,85.13,85.13,8/6/2019
Groundnut,Tamil Nadu,Villupuram,Thirukovilur,71.84,90.11,75.63,8/6/2019
Groundnut,Tamil Nadu,Villupuram,Tindivanam,87.74,102.74,91.61,8/6/2019
Groundnut,Tamil Nadu,Villupuram,Villupuram,74.61,82.5,79.38,8/6/2019
Groundnut,Tamil Nadu,Villupuram,Gingee,62.86,97.11,79.99,9/16/2019
Groundnut,Tamil Nadu,Villupuram,Ulundurpettai,100.08,100.08,100.08,9/16/2019
Groundnut,Tamil Nadu,Vellore,Vellore,75.14,102.11,100,9/16/2019
Groundnut,Tamil Nadu,Villupuram,Vikkiravandi,64.23,69.73,66.98,9/16/2019
Groundnut,Tamil Nadu,Erode,Anthiyur,63.14,66,65,10/2/2019
Groundnut,Tamil Nadu,Cuddalore,Kurinchipadi,91.25,96.54,91.25,9/23/2019
Groundnut,Tamil Nadu,Villupuram,Ulundurpettai,85.86,87.75,86.8,9/23/2019
Groundnut,Tamil Nadu,Villupuram,Avalurpet,69.5,98.86,75.49,8/9/2019
Groundnut,Tamil Nadu,Villupuram,Gingee,72.11,95.21,83.66,8/9/2019
Groundnut,Tamil Nadu,Thiruvannamalai,Cheyyar,68.99,89.24,83.78,8/28/2019
Groundnut,Tamil Nadu,Villupuram,Thirukovilur,76.49,95.25,89.46,8/28/2019
Groundnut,Tamil Nadu,Villupuram,Vikkiravandi,60.48,75.48,69.23,8/28/2019
Groundnut,Tamil Nadu,Vellore,Vellore,85.36,101.62,100,9/3/2019
Groundnut,Tamil Nadu,Villupuram,Ulundurpettai,74.87,74.87,74.87,8/8/2019
Groundnut,Tamil Nadu,Vellore,Vellore,77.78,99.11,90,8/8/2019
Groundnut,Tamil Nadu,Villupuram,Gingee,77.99,97.49,87.74,8/7/2019
Groundnut,Tamil Nadu,Villupuram,Ulundurpettai,84.12,100.87,92.49,8/7/2019
Groundnut,Tamil Nadu,Villupuram,Sangarapuram,91.34,91.34,91.34,9/17/2019
Groundnut,Tamil Nadu,Villupuram,Thirukovilur,83.36,93.88,88.62,9/17/2019
Groundnut,Tamil Nadu,Villupuram,Vikkiravandi,66.53,71.73,71.48,9/17/2019
Groundnut,Tamil Nadu,Cuddalore,Kurinchipadi,70.08,94.03,92.12,10/10/2019
Groundnut,Tamil Nadu,Villupuram,Sangarapuram,62.49,62.49,62.49,10/10/2019
Groundnut,Tamil Nadu,Villupuram,Ulundurpettai,72.73,76.33,74.53,10/10/2019
Groundnut,Tamil Nadu,Villupuram,Avalurpet,74.5,94.36,81.13,8/13/2019
Groundnut,Tamil Nadu,Thiruvannamalai,Cheyyar,75.11,83.99,79.26,8/13/2019
Groundnut,Tamil Nadu,Cuddalore,Cuddalore,70.86,81.99,81.99,8/13/2019
Groundnut,Tamil Nadu,Cuddalore,Kurinchipadi,73.36,73.36,73.36,8/13/2019
Groundnut,Tamil Nadu,Villupuram,Vikkiravandi,59.23,63.73,61.83,8/13/2019
Groundnut,Tamil Nadu,Vellore,Vellore,66.99,99,95,8/14/2019
Groundnut,Tamil Nadu,Dindigul,Dindigul,48.9,50,49.95,8/13/2019
Groundnut,Tamil Nadu,Villupuram,Thirukovilur,73.63,92.99,79.24,8/13/2019
Groundnut,Tamil Nadu,Villupuram,Tindivanam,89.98,94.99,93.73,8/13/2019
Groundnut,Tamil Nadu,Villupuram,Kallakurichi,81.54,83.74,82.64,8/27/2019
Groundnut,Tamil Nadu,Coimbatore,Sevur,56,67,57.5,8/27/2019
Groundnut,Tamil Nadu,Villupuram,Thirukovilur,65.24,94.49,86.61,8/27/2019
Groundnut,Tamil Nadu,Villupuram,Tindivanam,76.24,108.13,96.74,8/27/2019
Groundnut,Tamil Nadu,Villupuram,Avalurpet,77.11,97.61,91.9,8/22/2019
Groundnut,Tamil Nadu,Villupuram,Ulundurpettai,92,100.61,96.3,8/22/2019
Groundnut,Tamil Nadu,Villupuram,Vikkiravandi,62.48,76.83,67.73,8/22/2019
Groundnut,Tamil Nadu,Villupuram,Villupuram,72.86,73.61,73.09,8/22/2019
Groundnut,Tamil Nadu,Villupuram,Kallakurichi,81.94,82.49,82.21,8/21/2019
Groundnut,Tamil Nadu,Coimbatore,Sevur,56,71,57.5,8/21/2019
Groundnut,Tamil Nadu,Villupuram,Thirukovilur,79.86,94.24,88.36,8/21/2019
Groundnut,Tamil Nadu,Villupuram,Tindivanam,65.99,99.75,96,8/21/2019
Groundnut,Tamil Nadu,Villupuram,Kallakurichi,80.54,80.54,80.54,8/26/2019
Groundnut,Tamil Nadu,Villupuram,Tindivanam,73.73,102.99,89.99,8/26/2019
Groundnut,Tamil Nadu,Villupuram,Avalurpet,75.11,94.99,87.89,8/16/2019
Groundnut,Tamil Nadu,Villupuram,Villupuram,78.74,86.61,78.86,8/16/2019
Groundnut,Tamil Nadu,Villupuram,Kallakurichi,85.61,85.61,85.61,8/29/2019
Groundnut,Tamil Nadu,Villupuram,Thirukovilur,78.87,96.25,90.11,8/29/2019
Groundnut,Tamil Nadu,Villupuram,Vikkiravandi,64.48,69.23,66.48,9/10/2019
Groundnut,Tamil Nadu,Villupuram,Avalurpet,82.36,94.86,91.61,8/14/2019
Groundnut,Tamil Nadu,Villupuram,Gingee,77.11,96.41,86.76,8/14/2019
Groundnut,Tamil Nadu,Villupuram,Thirukovilur,67.5,90.88,87.25,8/14/2019
Groundnut,Tamil Nadu,Villupuram,Gingee,77.11,100.49,88.8,8/20/2019
Groundnut,Tamil Nadu,Villupuram,Vikkiravandi,62.23,67.23,63.85,8/20/2019
Groundnut,Tamil Nadu,Vellore,Vellore,81.49,96.61,95,8/16/2019
Groundnut,Tamil Nadu,Villupuram,Kallakurichi,83.61,83.61,83.61,9/3/2019
Groundnut,Tamil Nadu,Villupuram,Thirukovilur,72.61,94.86,81.25,9/3/2019
Groundnut,Tamil Nadu,Villupuram,Tindivanam,85.12,101.24,101.24,9/3/2019
Groundnut,Tamil Nadu,Cuddalore,Kurinchipadi,70.36,90.86,87.61,10/14/2019
Groundnut,Tamil Nadu,Villupuram,Kallakurichi,84.61,94.49,89.55,9/4/2019
Groundnut,Tamil Nadu,Coimbatore,Sevur,56,69,57,9/4/2019
Groundnut,Tamil Nadu,Villupuram,Tindivanam,83.73,105.9,92.02,9/4/2019
Groundnut,Tamil Nadu,Villupuram,Kallakurichi,83.74,83.74,83.74,8/16/2019
Groundnut,Tamil Nadu,Villupuram,Thirukovilur,72.14,92.74,75.86,8/16/2019
Groundnut,Tamil Nadu,Villupuram,Tindivanam,86.74,95.11,89.24,8/16/2019
Groundnut,Tamil Nadu,Villupuram,Avalurpet,91.61,95.11,92.24,9/12/2019
Groundnut,Tamil Nadu,Villupuram,Gingee,77.74,91.26,84.5,9/12/2019
Groundnut,Tamil Nadu,Vellore,Vellore,83.49,105.25,105,9/12/2019
Groundnut,Tamil Nadu,Villupuram,Vikkiravandi,69.23,71.73,70,9/12/2019
Groundnut,Tamil Nadu,Villupuram,Avalurpet,82.11,101.61,93.36,8/21/2019
Groundnut,Tamil Nadu,Villupuram,Gingee,78.64,110.98,94.81,8/21/2019
Groundnut,Tamil Nadu,Villupuram,Ulundurpettai,78.36,100.48,89.42,8/21/2019
Groundnut,Tamil Nadu,Villupuram,Vikkiravandi,64.23,68.75,67.47,8/21/2019
Groundnut,Tamil Nadu,Villupuram,Avalurpet,79.9,96.23,89.36,9/9/2019
Groundnut,Tamil Nadu,Thiruvannamalai,Cheyyar,84.36,88.46,86.75,9/9/2019
Groundnut,Tamil Nadu,Villupuram,Gingee,78.99,101.74,90.37,9/9/2019
Groundnut,Tamil Nadu,Villupuram,Kallakurichi,79.99,89.9,84.95,9/9/2019
Groundnut,Tamil Nadu,Coimbatore,Sevur,55,69,57.5,9/9/2019
Groundnut,Tamil Nadu,Villupuram,Tindivanam,83.37,104.24,99.11,9/9/2019
Groundnut,Tamil Nadu,Erode,Sivagiri,63.5,76.09,73.29,8/21/2019
Groundnut,Tamil Nadu,Villupuram,Ulundurpettai,101.11,101.86,101.49,8/19/2019
Groundnut,Tamil Nadu,Vellore,Vellore,83.13,98.13,95,8/19/2019
Groundnut,Tamil Nadu,Villupuram,Vikkiravandi,59.3,67.23,64.73,8/19/2019
Groundnut,Tamil Nadu,Thiruvannamalai,Cheyyar,79.97,92.58,88.64,9/18/2019
Groundnut,Tamil Nadu,Villupuram,Gingee,82.5,95.86,89.18,9/18/2019
Groundnut,Tamil Nadu,Villupuram,Sangarapuram,14.88,15.33,15.19,9/18/2019
Groundnut,Tamil Nadu,Villupuram,Ulundurpettai,50.11,106.71,78.41,9/18/2019
Groundnut,Tamil Nadu,Vellore,Vellore,82.7,104.11,103,9/18/2019
Groundnut,Tamil Nadu,Villupuram,Vikkiravandi,62.52,68.98,65.97,9/18/2019
Groundnut,Tamil Nadu,Cuddalore,Shrimushnam,88.36,90.49,89.61,9/18/2019
Groundnut,Tamil Nadu,Cuddalore,Kurinchipadi,84.88,87.13,87.13,9/4/2019
Groundnut,Tamil Nadu,Villupuram,Ulundurpettai,100.63,100.75,100.69,9/4/2019
Groundnut,Tamil Nadu,Villupuram,Avalurpet,75.11,100.86,88.65,8/20/2019
Groundnut,Tamil Nadu,Thiruvannamalai,Cheyyar,82.6,85.15,83.59,8/20/2019
Groundnut,Tamil Nadu,Villupuram,Ulundurpettai,71.23,100.11,85.67,8/20/2019
Groundnut,Tamil Nadu,Villupuram,Avalurpet,76.11,102.98,94.23,8/27/2019
Groundnut,Tamil Nadu,Thiruvannamalai,Cheyyar,80.61,85.11,84.16,8/27/2019
Groundnut,Tamil Nadu,Villupuram,Ulundurpettai,85.11,98.86,91.98,8/27/2019
Groundnut,Tamil Nadu,Villupuram,Villupuram,90.24,90.24,90.24,10/18/2019
Groundnut,Tamil Nadu,Erode,Anthiyur,43.39,61,51.19,11/7/2019
Groundnut,Tamil Nadu,Coimbatore,Sevur,56,62,58,11/7/2019
Groundnut,Tamil Nadu,Thiruvannamalai,Cheyyar,70.03,85.86,81.06,8/22/2019
Groundnut,Tamil Nadu,Villupuram,Gingee,75.86,101.43,88.65,8/22/2019
Groundnut,Tamil Nadu,Thiruvannamalai,Cheyyar,69.24,79.36,77.1,10/23/2019
Groundnut,Tamil Nadu,Villupuram,Kallakurichi,63.11,83.99,73.55,10/23/2019
Groundnut,Tamil Nadu,Villupuram,Tindivanam,61.23,92.75,90.86,10/23/2019
Groundnut,Tamil Nadu,Villupuram,Avalurpet,71.13,102.11,98.36,8/26/2019
Groundnut,Tamil Nadu,Villupuram,Gingee,66.99,100.39,83.69,8/26/2019
Groundnut,Tamil Nadu,Villupuram,Vikkiravandi,64.98,70.98,66.73,8/26/2019
Groundnut,Tamil Nadu,Villupuram,Villupuram,75.36,80.11,78.69,8/26/2019
Groundnut,Tamil Nadu,Villupuram,Tindivanam,86.23,105.69,99.98,8/30/2019
Groundnut,Tamil Nadu,Cuddalore,Kurinchipadi,94.65,94.65,94.65,9/3/2019
Groundnut,Tamil Nadu,Cuddalore,Kurinchipadi,70.36,95,86.25,8/29/2019
Groundnut,Tamil Nadu,Villupuram,Avalurpet,70.11,92.81,91.47,9/26/2019
Groundnut,Tamil Nadu,Thiruvannamalai,Cheyyar,82.02,86.11,84.68,8/26/2019
Groundnut,Tamil Nadu,Villupuram,Thirukovilur,83.5,93.61,88.85,8/26/2019
Groundnut,Tamil Nadu,Villupuram,Ulundurpettai,83.41,83.71,83.51,8/26/2019
Groundnut,Tamil Nadu,Coimbatore,Sevur,56.5,74.5,60,10/14/2019
Groundnut,Tamil Nadu,Thiruvannamalai,Cheyyar,45.11,65.66,63.24,11/8/2019
Groundnut,Tamil Nadu,Cuddalore,Kurinchipadi,63.75,63.75,63.75,11/8/2019
Groundnut,Tamil Nadu,Cuddalore,Panruti,55.49,55.49,55.49,11/8/2019
Groundnut,Tamil Nadu,Villupuram,Sangarapuram,75.24,75.24,75.24,11/8/2019
Groundnut,Tamil Nadu,Villupuram,Ulundurpettai,59.86,73.71,66.78,11/8/2019
Groundnut,Tamil Nadu,Vellore,Vellore,60.11,77.13,75,11/8/2019
Groundnut,Tamil Nadu,Villupuram,Vikkiravandi,44.04,48.48,45.48,11/8/2019
Groundnut,Tamil Nadu,Villupuram,Vikkiravandi,66.23,73.98,67.4,9/9/2019
Groundnut,Tamil Nadu,Villupuram,Avalurpet,83.03,89.61,86.32,9/13/2019
Groundnut,Tamil Nadu,Villupuram,Gingee,83.11,102.51,92.81,9/13/2019
Groundnut,Tamil Nadu,Villupuram,Kallakurichi,80.86,84.74,82.8,9/13/2019
Groundnut,Tamil Nadu,Villupuram,Tindivanam,88.73,98.73,94.98,9/13/2019
Groundnut,Tamil Nadu,Villupuram,Vikkiravandi,60,63.48,62.5,9/20/2019
Groundnut,Tamil Nadu,Villupuram,Kallakurichi,87.74,87.74,87.74,9/18/2019
Groundnut,Tamil Nadu,Villupuram,Tindivanam,91.32,101.24,98.75,9/18/2019
Groundnut,Tamil Nadu,Villupuram,Avalurpet,79.62,94.61,93.87,9/4/2019
Groundnut,Tamil Nadu,Villupuram,Gingee,80.13,91.36,85.74,9/4/2019
Groundnut,Tamil Nadu,Villupuram,Vikkiravandi,66.73,72.98,68.73,9/4/2019
Groundnut,Tamil Nadu,Villupuram,Gingee,77.61,101.86,89.74,8/27/2019
Groundnut,Tamil Nadu,Cuddalore,Kurinchipadi,76.74,76.74,76.74,8/27/2019
Groundnut,Tamil Nadu,Villupuram,Vikkiravandi,66.73,70.8,69.98,8/27/2019
Groundnut,Tamil Nadu,Thiruvannamalai,Cheyyar,70.11,89.86,84.63,8/29/2019
Groundnut,Tamil Nadu,Villupuram,Gingee,72.58,102.2,87.39,8/29/2019
Groundnut,Tamil Nadu,Villupuram,Villupuram,97.36,97.36,97.36,8/29/2019
Groundnut,Tamil Nadu,Villupuram,Avalurpet,74.86,102.36,88.61,8/29/2019
Groundnut,Tamil Nadu,Villupuram,Ulundurpettai,70.11,98.65,84.38,8/29/2019
Groundnut,Tamil Nadu,Vellore,Vellore,62.61,99.88,95,8/29/2019
Groundnut,Tamil Nadu,Villupuram,Vikkiravandi,62.98,73.58,69.23,8/29/2019
Groundnut,Tamil Nadu,Villupuram,Tindivanam,80.11,97.87,94.86,10/1/2019
Groundnut,Tamil Nadu,Thiruvannamalai,Cheyyar,81.36,91.23,87.86,9/17/2019
Groundnut,Tamil Nadu,Coimbatore,Sevur,58,72.1,60,9/17/2019
Groundnut,Tamil Nadu,Villupuram,Tindivanam,92.73,100.23,100.23,9/17/2019
Groundnut,Tamil Nadu,Villupuram,Kallakurichi,71.79,85.01,78.4,8/28/2019
Groundnut,Tamil Nadu,Villupuram,Tindivanam,88.86,104.4,99.83,8/28/2019
Groundnut,Tamil Nadu,Villupuram,Avalurpet,73.7,97.74,80.01,9/3/2019
Groundnut,Tamil Nadu,Thiruvannamalai,Cheyyar,80.77,87.2,86.12,9/3/2019
Groundnut,Tamil Nadu,Villupuram,Gingee,76.24,90.61,83.43,9/3/2019
Groundnut,Tamil Nadu,Villupuram,Vikkiravandi,67.98,72.98,70.23,9/3/2019
Groundnut,Tamil Nadu,Villupuram,Avalurpet,78,95.48,85.86,9/5/2019
Groundnut,Tamil Nadu,Cuddalore,Cuddalore,0,72.86,72.86,9/5/2019
Groundnut,Tamil Nadu,Villupuram,Gingee,74.61,100.84,87.73,9/5/2019
Groundnut,Tamil Nadu,Coimbatore,Sevur,56,69,57.5,9/5/2019
Groundnut,Tamil Nadu,Villupuram,Thirukovilur,67.86,95.74,77.86,9/5/2019
Groundnut,Tamil Nadu,Villupuram,Tindivanam,82.48,103.73,98.25,9/5/2019
Groundnut,Tamil Nadu,Villupuram,Ulundurpettai,40.36,98.71,69.53,9/5/2019
Groundnut,Tamil Nadu,Dindigul,Vedachandur,48.9,53.5,52.5,9/5/2019
Groundnut,Tamil Nadu,Vellore,Vellore,67.11,99.11,95,9/5/2019
Groundnut,Tamil Nadu,Villupuram,Avalurpet,71.36,101.11,93.99,8/28/2019
Groundnut,Tamil Nadu,Erode,Boothapadi,52,67,58,8/28/2019
Groundnut,Tamil Nadu,Villupuram,Gingee,74.24,101.36,87.8,8/28/2019
Groundnut,Tamil Nadu,Villupuram,Ulundurpettai,100.86,100.86,100.86,9/3/2019
Groundnut,Tamil Nadu,Villupuram,Ulundurpettai,88.36,99.24,93.8,8/28/2019
Groundnut,Tamil Nadu,Vellore,Vellore,70.11,102.58,100,8/28/2019
Groundnut,Tamil Nadu,Erode,Boothapadi,30.55,40.2,34,9/10/2019
Groundnut,Tamil Nadu,Cuddalore,Kurinchipadi,75.74,75.74,75.74,9/10/2019
Groundnut,Tamil Nadu,Villupuram,Avalurpet,77.36,102.48,89.61,8/30/2019
Groundnut,Tamil Nadu,Villupuram,Vikkiravandi,68.23,73.48,72.2,8/30/2019
Groundnut,Tamil Nadu,Cuddalore,Virudhachalam,75.65,98.11,87.11,10/9/2019
Groundnut,Tamil Nadu,Cuddalore,Panruti,57.98,57.98,57.98,11/11/2019
Groundnut,Tamil Nadu,Thiruvannamalai,Cheyyar,84.21,87.61,86.12,8/30/2019
Groundnut,Tamil Nadu,Villupuram,Gingee,78.11,90.04,84.08,8/30/2019
Groundnut,Tamil Nadu,Villupuram,Kallakurichi,80.7,89.7,85.2,9/16/2019
Groundnut,Tamil Nadu,Coimbatore,Sevur,56.5,67.6,58,9/16/2019
Groundnut,Tamil Nadu,Dindigul,Vedachandur,48.9,49.9,48.95,9/16/2019
Groundnut,Tamil Nadu,Thiruvannamalai,Cheyyar,83.11,87.76,85.16,9/12/2019
Groundnut,Tamil Nadu,Villupuram,Thirukovilur,82.11,96.2,87.16,9/12/2019
Groundnut,Tamil Nadu,Ariyalur,Ariyalur Market,48.9,52,51,11/1/2019
Groundnut,Tamil Nadu,Thiruvannamalai,Cheyyar,40.86,73.36,71.45,11/1/2019
Groundnut,Tamil Nadu,Villupuram,Gingee,52.45,73.65,66.25,11/1/2019
Groundnut,Tamil Nadu,Vellore,Vellore,64.5,80.14,80,11/1/2019
Groundnut,Tamil Nadu,Villupuram,Vikkiravandi,46.73,57.98,47.98,11/1/2019
Groundnut,Tamil Nadu,Erode,Anthiyur,51.37,65,56,10/31/2019
Groundnut,Tamil Nadu,Villupuram,Gingee,43.75,70.78,53.36,10/31/2019
Groundnut,Tamil Nadu,Villupuram,Kallakurichi,56.24,68.86,62.55,10/31/2019
Groundnut,Tamil Nadu,Thiruvannamalai,Cheyyar,81.36,94.48,92.11,9/26/2019
Groundnut,Tamil Nadu,Villupuram,Gingee,78.24,100.11,89.18,9/26/2019
Groundnut,Tamil Nadu,Villupuram,Vikkiravandi,65.75,72.38,68.5,9/26/2019
Groundnut,Tamil Nadu,Dindigul,Dindigul,48.9,49.95,48.95,10/9/2019
Groundnut,Tamil Nadu,Villupuram,Kallakurichi,79.91,82.41,81.16,10/9/2019
Groundnut,Tamil Nadu,Villupuram,Tindivanam,72.18,91.23,86.36,10/9/2019
Groundnut,Tamil Nadu,Villupuram,Avalurpet,50.88,67.11,63.26,11/20/2019
Groundnut,Tamil Nadu,Villupuram,Thirukovilur,55.91,72.63,64.28,11/20/2019
Groundnut,Tamil Nadu,Villupuram,Ulundurpettai,63.73,70.11,66.92,11/20/2019
Groundnut,Tamil Nadu,Vellore,Vellore,59,77.36,75,11/20/2019
Groundnut,Tamil Nadu,Villupuram,Vikkiravandi,44.03,56.48,50.73,11/20/2019
Groundnut,Tamil Nadu,Villupuram,Villupuram,62.88,75.26,68.36,11/20/2019
Groundnut,Tamil Nadu,Dindigul,Dindigul,48.9,49.9,48.99,12/16/2019
Groundnut,Tamil Nadu,Villupuram,Kallakurichi,63.74,75.41,69.58,12/16/2019
Groundnut,Tamil Nadu,Villupuram,Avalurpet,52.24,65.23,62.61,11/18/2019
Groundnut,Tamil Nadu,Cuddalore,Panruti,51.23,55.34,52.2,11/18/2019
Groundnut,Tamil Nadu,Villupuram,Villupuram,63.74,67.36,65.51,11/18/2019
Groundnut,Tamil Nadu,Thiruvannamalai,Cheyyar,73.36,82.41,79.84,10/11/2019
Groundnut,Tamil Nadu,Villupuram,Kallakurichi,81.49,85.41,83.45,10/11/2019
Groundnut,Tamil Nadu,Villupuram,Tindivanam,85.11,96.23,91.23,10/11/2019
Groundnut,Tamil Nadu,Dindigul,Vedachandur,48.9,50,49.95,10/11/2019
Groundnut,Tamil Nadu,Cuddalore,Kurinchipadi,59.95,76.74,66.63,11/4/2019
Groundnut,Tamil Nadu,Dindigul,Vedachandur,48.9,52,50,11/4/2019
Groundnut,Tamil Nadu,Villupuram,Avalurpet,83.36,93.61,89.23,9/20/2019
Groundnut,Tamil Nadu,Thiruvannamalai,Cheyyar,82.74,90.52,87.36,9/20/2019
Groundnut,Tamil Nadu,Coimbatore,Sevur,56.5,73,60,9/20/2019
Groundnut,Tamil Nadu,Villupuram,Tindivanam,96.11,104.49,101,9/20/2019
Groundnut,Tamil Nadu,Villupuram,Thirukovilur,82.36,97.61,89.99,9/9/2019
Groundnut,Tamil Nadu,Thiruvannamalai,Cheyyar,80.11,87.8,85.74,9/5/2019
Groundnut,Tamil Nadu,Villupuram,Villupuram,66.61,66.61,66.61,9/5/2019
Groundnut,Tamil Nadu,Villupuram,Avalurpet,50.52,71.11,63.73,11/21/2019
Groundnut,Tamil Nadu,Thiruvannamalai,Cheyyar,54.97,67.61,64.32,11/21/2019
Groundnut,Tamil Nadu,Villupuram,Ulundurpettai,67.48,76.36,71.92,11/21/2019
Groundnut,Tamil Nadu,Villupuram,Kallakurichi,71.61,86.99,79.3,10/14/2019
Groundnut,Tamil Nadu,Villupuram,Tindivanam,77.89,98.86,98.73,10/14/2019
Groundnut,Tamil Nadu,Cuddalore,Kurinchipadi,88.15,96.11,93.03,10/3/2019
Groundnut,Tamil Nadu,Vellore,Vellore,82.61,105,104,9/13/2019
Groundnut,Tamil Nadu,Cuddalore,Kurinchipadi,80.08,87.58,85.08,9/6/2019
Groundnut,Tamil Nadu,Villupuram,Villupuram,80.53,86.63,83.4,9/6/2019
Groundnut,Tamil Nadu,Thiruvannamalai,Cheyyar,85.11,88.86,86.43,10/18/2019
Groundnut,Tamil Nadu,Villupuram,Gingee,77.36,88.74,83.61,10/18/2019
Groundnut,Tamil Nadu,Villupuram,Kallakurichi,72.11,93.86,82.99,10/18/2019
Groundnut,Tamil Nadu,Villupuram,Vikkiravandi,59.73,65.98,61.73,10/18/2019
Groundnut,Tamil Nadu,Villupuram,Avalurpet,73.36,96.88,87.32,10/11/2019
Groundnut,Tamil Nadu,Villupuram,Thirukovilur,69.54,93.88,81.71,10/11/2019
Groundnut,Tamil Nadu,Villupuram,Villupuram,76.28,81.44,79.61,10/11/2019
Groundnut,Tamil Nadu,Erode,Anthiyur,52.09,66.01,64.19,10/10/2019
Groundnut,Tamil Nadu,Villupuram,Tindivanam,76.73,92.48,89.61,10/10/2019
Groundnut,Tamil Nadu,Villupuram,Ulundurpettai,70.11,83.32,76.71,9/20/2019
Groundnut,Tamil Nadu,Vellore,Vellore,81.45,105.39,104,9/20/2019
Groundnut,Tamil Nadu,Vellore,Vellore,70.36,105,103,9/26/2019
Groundnut,Tamil Nadu,Villupuram,Kallakurichi,90.49,91.24,90.86,10/15/2019
Groundnut,Tamil Nadu,Villupuram,Tindivanam,80.36,91.86,90.11,10/15/2019
Groundnut,Tamil Nadu,Villupuram,Kallakurichi,69.29,85.54,79.61,9/12/2019
Groundnut,Tamil Nadu,Villupuram,Tindivanam,63.75,102.99,99.98,9/12/2019
Groundnut,Tamil Nadu,Villupuram,Villupuram,83.65,83.65,83.65,9/12/2019
Groundnut,Tamil Nadu,Villupuram,Avalurpet,90.61,95.11,92.24,9/10/2019
Groundnut,Tamil Nadu,Villupuram,Ulundurpettai,80.48,91.87,86.17,9/10/2019
Groundnut,Tamil Nadu,Vellore,Vellore,59.86,98.99,97,9/10/2019
Groundnut,Tamil Nadu,Villupuram,Kallakurichi,62.41,78.36,70.39,10/29/2019
Groundnut,Tamil Nadu,Coimbatore,Sevur,55,65,57.5,10/29/2019
Groundnut,Tamil Nadu,Villupuram,Tindivanam,51.23,88.73,87.48,10/29/2019
Groundnut,Tamil Nadu,Villupuram,Avalurpet,50.75,69.95,65.89,11/6/2019
Groundnut,Tamil Nadu,Villupuram,Gingee,51.74,65.49,58.62,11/6/2019
Groundnut,Tamil Nadu,Villupuram,Sangarapuram,71.41,71.41,71.41,11/6/2019
Groundnut,Tamil Nadu,Villupuram,Ulundurpettai,62.11,83.73,72.92,11/6/2019
Groundnut,Tamil Nadu,Vellore,Vellore,63.26,74.86,72,11/6/2019
Groundnut,Tamil Nadu,Villupuram,Vikkiravandi,43.73,50.58,45.33,11/6/2019
Groundnut,Tamil Nadu,Cuddalore,Shrimushnam,92.36,94.11,92.99,10/15/2019
Groundnut,Tamil Nadu,Villupuram,Avalurpet,57.11,73.36,70.12,10/30/2019
Groundnut,Tamil Nadu,Villupuram,Gingee,38.36,71.66,55.01,10/30/2019
Groundnut,Tamil Nadu,Villupuram,Ulundurpettai,52.61,73.36,62.98,10/30/2019
Groundnut,Tamil Nadu,Villupuram,Kallakurichi,60.36,80.25,70.31,10/25/2019
Groundnut,Tamil Nadu,Villupuram,Tindivanam,44.09,69.99,54.59,10/25/2019
Groundnut,Tamil Nadu,Thiruvannamalai,Cheyyar,51.22,66.71,63.35,11/25/2019
Groundnut,Tamil Nadu,Villupuram,Thirukovilur,55.69,74.64,65.17,11/25/2019
Groundnut,Tamil Nadu,Villupuram,Ulundurpettai,57.36,80.36,68.86,11/25/2019
Groundnut,Tamil Nadu,Vellore,Vellore,58.61,79.59,78,11/25/2019
Groundnut,Tamil Nadu,Villupuram,Ulundurpettai,100.23,100.23,100.23,9/9/2019
Groundnut,Tamil Nadu,Cuddalore,Panruti,52.4,55.35,54.25,11/19/2019
Groundnut,Tamil Nadu,Villupuram,Villupuram,65.63,67.63,66.38,11/19/2019
Groundnut,Tamil Nadu,Vellore,Vellore,82.5,105.11,100,9/25/2019
Groundnut,Tamil Nadu,Villupuram,Avalurpet,68.86,97.7,83.86,9/25/2019
Groundnut,Tamil Nadu,Thiruvannamalai,Cheyyar,87.37,94.98,92.46,9/25/2019
Groundnut,Tamil Nadu,Villupuram,Gingee,62.99,93.88,78.44,9/25/2019
Groundnut,Tamil Nadu,Coimbatore,Sevur,55,74.5,60,9/25/2019
Groundnut,Tamil Nadu,Villupuram,Tindivanam,97.5,103.39,101.86,9/25/2019
Groundnut,Tamil Nadu,Villupuram,Vikkiravandi,57.98,71.48,67.23,9/25/2019
Groundnut,Tamil Nadu,Villupuram,Kallakurichi,76.99,80.61,78.8,10/3/2019
Groundnut,Tamil Nadu,Villupuram,Tindivanam,75,102.98,97.75,10/3/2019
Groundnut,Tamil Nadu,Villupuram,Villupuram,85.05,86.15,85.99,9/9/2019
Groundnut,Tamil Nadu,Villupuram,Kallakurichi,61.24,61.24,61.24,9/26/2019
Groundnut,Tamil Nadu,Coimbatore,Sevur,58,75.5,60,9/26/2019
Groundnut,Tamil Nadu,Villupuram,Tindivanam,106.91,108.28,108.28,9/26/2019
Groundnut,Tamil Nadu,Villupuram,Kallakurichi,75.74,86.24,80.99,10/22/2019
Groundnut,Tamil Nadu,Coimbatore,Sevur,56,70.5,60,10/22/2019
Groundnut,Tamil Nadu,Villupuram,Tindivanam,67.48,94.61,84.98,10/22/2019
Groundnut,Tamil Nadu,Villupuram,Gingee,80.86,86.36,83.61,9/6/2019
Groundnut,Tamil Nadu,Thiruvannamalai,Cheyyar,82.11,88.74,87.8,9/10/2019
Groundnut,Tamil Nadu,Coimbatore,Sevur,56.5,67.3,58,9/10/2019
Groundnut,Tamil Nadu,Villupuram,Tindivanam,89.23,101.25,93.76,9/10/2019
Groundnut,Tamil Nadu,Villupuram,Avalurpet,50.88,67.46,63.65,11/29/2019
Groundnut,Tamil Nadu,Thiruvannamalai,Cheyyar,57.23,70.53,68.24,11/29/2019
Groundnut,Tamil Nadu,Villupuram,Thirukovilur,61.71,71.25,65.63,11/29/2019
Groundnut,Tamil Nadu,Villupuram,Ulundurpettai,61.24,83.49,73.71,11/29/2019
Groundnut,Tamil Nadu,Vellore,Vellore,65.11,79.5,75,11/29/2019
Groundnut,Tamil Nadu,Vellore,Vellore,82.61,104.66,103,9/27/2019
Groundnut,Tamil Nadu,Cuddalore,Kurinchipadi,98.88,98.88,98.88,9/25/2019
Groundnut,Tamil Nadu,Erode,Sivagiri,63.81,76.5,74.6,9/25/2019
Groundnut,Tamil Nadu,Villupuram,Kallakurichi,80.61,86.36,83.49,9/6/2019
Groundnut,Tamil Nadu,Coimbatore,Sevur,55,69,57,9/6/2019
Groundnut,Tamil Nadu,Villupuram,Tindivanam,56.23,105.23,89.98,9/6/2019
Groundnut,Tamil Nadu,Villupuram,Kallakurichi,57.99,73.49,65.74,11/12/2019
Groundnut,Tamil Nadu,Thiruvannamalai,Cheyyar,55.81,66.15,63.2,11/28/2019
Groundnut,Tamil Nadu,Villupuram,Gingee,60.86,73.98,68.75,11/28/2019
Groundnut,Tamil Nadu,Villupuram,Vikkiravandi,47.36,57.85,54.8,11/28/2019
Groundnut,Tamil Nadu,Ariyalur,Ariyalur Market,34,50.42,44,10/21/2019
Groundnut,Tamil Nadu,Villupuram,Avalurpet,65.13,85.86,78.36,10/21/2019
Groundnut,Tamil Nadu,Villupuram,Sangarapuram,77.88,80.2,78.7,10/21/2019
Groundnut,Tamil Nadu,Villupuram,Ulundurpettai,57.5,85.12,71.31,10/21/2019
Groundnut,Tamil Nadu,Villupuram,Vikkiravandi,43.73,58.78,52.65,11/29/2019
Groundnut,Tamil Nadu,Cuddalore,Panruti,87.76,87.76,87.76,10/21/2019
Groundnut,Tamil Nadu,Ariyalur,Ariyalur Market,48.9,53,51,10/24/2019
Groundnut,Tamil Nadu,Cuddalore,Panruti,64.58,64.58,64.58,10/24/2019
Groundnut,Tamil Nadu,Villupuram,Gingee,58.99,78.19,68.59,12/10/2019
Groundnut,Tamil Nadu,Villupuram,Ulundurpettai,78.73,79.98,79.35,12/10/2019
Groundnut,Tamil Nadu,Villupuram,Vikkiravandi,51.2,63,58.1,12/10/2019
Groundnut,Tamil Nadu,Coimbatore,Sevur,56,75.5,57.5,10/5/2019
Groundnut,Tamil Nadu,Villupuram,Kallakurichi,69.9,81.28,75.59,11/15/2019
Groundnut,Tamil Nadu,Coimbatore,Sevur,56,60.5,57.5,11/15/2019
Groundnut,Tamil Nadu,Villupuram,Avalurpet,68.36,87.63,83.86,9/30/2019
Groundnut,Tamil Nadu,Villupuram,Ulundurpettai,77.37,108.36,92.86,9/30/2019
Groundnut,Tamil Nadu,Vellore,Vellore,80.15,102.86,101,9/30/2019
Groundnut,Tamil Nadu,Villupuram,Vikkiravandi,60.23,70.98,70.22,9/30/2019
Groundnut,Tamil Nadu,Villupuram,Kallakurichi,60.49,75.11,67.8,11/4/2019
Groundnut,Tamil Nadu,Villupuram,Ulundurpettai,100.11,100.11,100.11,9/13/2019
Groundnut,Tamil Nadu,Villupuram,Vikkiravandi,62.73,68.48,66.48,9/13/2019
Groundnut,Tamil Nadu,Thiruvannamalai,Cheyyar,82.36,93.86,90.84,9/23/2019
Groundnut,Tamil Nadu,Vellore,Vellore,64.61,104.87,103,9/23/2019
Groundnut,Tamil Nadu,Villupuram,Vikkiravandi,61.78,72.23,69.73,9/23/2019
Groundnut,Tamil Nadu,Erode,Anthiyur,29,34,31,10/17/2019
Groundnut,Tamil Nadu,Villupuram,Avalurpet,69.61,91.98,75.86,10/17/2019
Groundnut,Tamil Nadu,Villupuram,Sangarapuram,85.14,85.14,85.14,10/17/2019
Groundnut,Tamil Nadu,Villupuram,Ulundurpettai,66.24,85.09,75.66,10/17/2019
Groundnut,Tamil Nadu,Villupuram,Avalurpet,82.61,92.36,89.61,9/17/2019
Groundnut,Tamil Nadu,Thiruvannamalai,Cheyyar,89.98,90.61,90.12,9/13/2019
Groundnut,Tamil Nadu,Villupuram,Avalurpet,66.38,92.86,83.64,10/4/2019
Groundnut,Tamil Nadu,Cuddalore,Panruti,70.34,71.99,71.99,10/4/2019
Groundnut,Tamil Nadu,Villupuram,Gingee,76.11,95.96,86.04,9/23/2019
Groundnut,Tamil Nadu,Villupuram,Tindivanam,72.75,106.99,89.87,9/23/2019
Groundnut,Tamil Nadu,Villupuram,Kallakurichi,75.75,83.36,79.56,10/4/2019
Groundnut,Tamil Nadu,Villupuram,Tindivanam,73.73,92.11,86.61,10/4/2019
Groundnut,Tamil Nadu,Cuddalore,Kurinchipadi,90.83,93.49,91.33,10/11/2019
Groundnut,Tamil Nadu,Thiruvannamalai,Arani,51.9,52.56,52.23,11/27/2019
Groundnut,Tamil Nadu,Thiruvannamalai,Cheyyar,55.25,65.48,63.9,11/27/2019
Groundnut,Tamil Nadu,Erode,Sivagiri,44.3,50.3,47.3,11/27/2019
Groundnut,Tamil Nadu,Villupuram,Thirukovilur,64.86,72.21,67.5,11/27/2019
Groundnut,Tamil Nadu,Vellore,Vellore,59.61,69.61,65,11/27/2019
Groundnut,Tamil Nadu,Villupuram,Vikkiravandi,48.48,58.05,52.88,11/27/2019
Groundnut,Tamil Nadu,Villupuram,Villupuram,64.11,71.11,65.36,11/27/2019
Groundnut,Tamil Nadu,Villupuram,Avalurpet,73.36,96.11,85.98,9/19/2019
Groundnut,Tamil Nadu,Cuddalore,Virudhachalam,79.11,111.11,93.61,9/27/2019
Groundnut,Tamil Nadu,Villupuram,Gingee,69.61,92.79,81.2,10/17/2019
Groundnut,Tamil Nadu,Villupuram,Kallakurichi,66.49,90.9,78.7,10/17/2019
Groundnut,Tamil Nadu,Villupuram,Avalurpet,71.23,96.11,80.48,9/24/2019
Groundnut,Tamil Nadu,Thiruvannamalai,Cheyyar,88.55,93.49,91.86,9/24/2019
Groundnut,Tamil Nadu,Villupuram,Gingee,77.24,88.49,82.87,9/24/2019
Groundnut,Tamil Nadu,Villupuram,Vikkiravandi,65.03,70.48,67.28,9/24/2019
Groundnut,Tamil Nadu,Villupuram,Kallakurichi,61.66,66.25,63.96,11/7/2019
Groundnut,Tamil Nadu,Villupuram,Gingee,51.49,65.63,59.38,11/8/2019
Groundnut,Tamil Nadu,Villupuram,Kallakurichi,62.49,67.13,64.81,11/8/2019
Groundnut,Tamil Nadu,Villupuram,Manalurpet,37.8,40.8,39.3,11/8/2019
Groundnut,Tamil Nadu,Cuddalore,Kurinchipadi,77.78,77.78,77.78,9/19/2019
Groundnut,Tamil Nadu,Villupuram,Avalurpet,50.87,67.36,63.65,11/28/2019
Groundnut,Tamil Nadu,Villupuram,Ulundurpettai,50.99,81.24,69.86,11/28/2019
Groundnut,Tamil Nadu,Villupuram,Avalurpet,50.12,71.38,67,11/1/2019
Groundnut,Tamil Nadu,Coimbatore,Sevur,56,61.2,58,11/6/2019
Groundnut,Tamil Nadu,Villupuram,Thirukovilur,40,69.49,63.75,11/6/2019
Groundnut,Tamil Nadu,Thiruvannamalai,Cheyyar,81.49,85.36,83.8,9/30/2019
Groundnut,Tamil Nadu,Villupuram,Gingee,67.74,100.39,84.07,9/30/2019
Groundnut,Tamil Nadu,Cuddalore,Kurinchipadi,79.86,87.61,79.86,9/16/2019
Groundnut,Tamil Nadu,Villupuram,Gingee,65.36,77.49,73.75,10/29/2019
Groundnut,Tamil Nadu,Villupuram,Tindivanam,54.61,65.74,63.61,11/25/2019
Groundnut,Tamil Nadu,Thiruvannamalai,Cheyyar,88.86,93.94,91.28,9/19/2019
Groundnut,Tamil Nadu,Coimbatore,Sevur,58,73.1,60,9/19/2019
Groundnut,Tamil Nadu,Villupuram,Tindivanam,96.24,105.36,98.5,9/19/2019
Groundnut,Tamil Nadu,Vellore,Vellore,64.86,99.06,90,10/25/2019
Groundnut,Tamil Nadu,Cuddalore,Virudhachalam,62.53,90.24,79.61,10/25/2019
Groundnut,Tamil Nadu,Villupuram,Avalurpet,50.78,69.65,65.38,11/5/2019
Groundnut,Tamil Nadu,Thiruvannamalai,Cheyyar,43.11,68.48,65.35,11/5/2019
Groundnut,Tamil Nadu,Villupuram,Gingee,48.86,66.24,57.55,11/5/2019
Groundnut,Tamil Nadu,Villupuram,Ulundurpettai,60.11,77.61,68.86,11/5/2019
Groundnut,Tamil Nadu,Vellore,Vellore,64,72.36,71,11/5/2019
Groundnut,Tamil Nadu,Villupuram,Tindivanam,51.99,73.73,62.99,11/20/2019
Groundnut,Tamil Nadu,Coimbatore,Sevur,56,74.5,60,9/24/2019
Groundnut,Tamil Nadu,Vellore,Vellore,57.63,74.38,70,12/10/2019
Groundnut,Tamil Nadu,Villupuram,Thirukovilur,48.64,73.24,61.32,11/5/2019
Groundnut,Tamil Nadu,Villupuram,Tindivanam,41.48,78.49,64.88,11/5/2019
Groundnut,Tamil Nadu,Thiruvannamalai,Cheyyar,45.11,67.57,63.22,12/23/2019
Groundnut,Tamil Nadu,Villupuram,Chinnasalem,64,64,64,12/23/2019
Groundnut,Tamil Nadu,Erode,Punchaipuliyampatti,40,40,40,12/23/2019
Groundnut,Tamil Nadu,Villupuram,Tindivanam,52.61,68.36,64.61,12/23/2019
Groundnut,Tamil Nadu,Villupuram,Ulundurpettai,62.11,71.15,66.63,12/23/2019
Groundnut,Tamil Nadu,Vellore,Vellore,65.86,78.13,74,12/23/2019
Groundnut,Tamil Nadu,Villupuram,Vikkiravandi,46.58,61.68,58.55,12/23/2019
Groundnut,Tamil Nadu,Villupuram,Avalurpet,53.46,74.92,68.52,12/20/2019
Groundnut,Tamil Nadu,Villupuram,Gingee,63.7,67.81,65.76,12/20/2019
Groundnut,Tamil Nadu,Thiruvannamalai,Cheyyar,67.74,82.36,79.88,10/4/2019
Groundnut,Tamil Nadu,Villupuram,Gingee,73.36,82.71,78.04,10/4/2019
Groundnut,Tamil Nadu,Villupuram,Ulundurpettai,67.86,80,73.93,10/4/2019
Groundnut,Tamil Nadu,Villupuram,Vikkiravandi,34.23,57.48,50.23,10/4/2019
Groundnut,Tamil Nadu,Cuddalore,Shrimushnam,77.78,91.39,86.39,10/11/2019
Groundnut,Tamil Nadu,Vellore,Vellore,75.36,95.86,94,10/11/2019
Groundnut,Tamil Nadu,Villupuram,Vikkiravandi,55.15,64.28,59.23,10/11/2019
Groundnut,Tamil Nadu,Villupuram,Avalurpet,69.61,92.98,87.15,10/18/2019
Groundnut,Tamil Nadu,Vellore,Vellore,75.36,99.5,95,10/18/2019
Groundnut,Tamil Nadu,Villupuram,Villupuram,60.63,76.2,64.83,12/19/2019
Groundnut,Tamil Nadu,Coimbatore,Sevur,56,63,58,9/23/2019
Groundnut,Tamil Nadu,Coimbatore,Anaimalai,50,60,55,9/27/2019
Groundnut,Tamil Nadu,Villupuram,Avalurpet,67.36,93.74,86.4,9/27/2019
Groundnut,Tamil Nadu,Thiruvannamalai,Cheyyar,82.48,92.74,90.11,9/27/2019
Groundnut,Tamil Nadu,Villupuram,Gingee,57.74,92.11,74.93,9/27/2019
Groundnut,Tamil Nadu,Villupuram,Ulundurpettai,86.38,86.38,86.38,9/27/2019
Groundnut,Tamil Nadu,Villupuram,Vikkiravandi,67,69.73,67.75,9/27/2019
Groundnut,Tamil Nadu,Villupuram,Avalurpet,68.36,94.12,86.62,10/16/2019
Groundnut,Tamil Nadu,Villupuram,Gingee,77.74,89.58,85,10/16/2019
Groundnut,Tamil Nadu,Vellore,Vellore,73.61,99.09,98,10/23/2019
Groundnut,Tamil Nadu,Thiruvannamalai,Cheyyar,75.23,90.73,88,10/17/2019
Groundnut,Tamil Nadu,Coimbatore,Sevur,56.5,75,60,10/17/2019
Groundnut,Tamil Nadu,Villupuram,Tindivanam,73.74,92.61,83.18,10/17/2019
Groundnut,Tamil Nadu,Villupuram,Avalurpet,56.36,87.36,69.61,10/1/2019
Groundnut,Tamil Nadu,Villupuram,Ulundurpettai,72.23,72.23,72.23,10/1/2019
Groundnut,Tamil Nadu,Vellore,Vellore,43.86,97.39,95,10/1/2019
Groundnut,Tamil Nadu,Vellore,Vellore,77.08,96.49,95,10/15/2019
Groundnut,Tamil Nadu,Villupuram,Villupuram,86.2,86.2,86.2,10/15/2019
Groundnut,Tamil Nadu,Villupuram,Ulundurpettai,55.24,73.86,64.55,10/9/2019
Groundnut,Tamil Nadu,Villupuram,Vikkiravandi,58.48,68.73,62.48,10/9/2019
Groundnut,Tamil Nadu,Villupuram,Gingee,75.86,88.99,82.43,10/1/2019
Groundnut,Tamil Nadu,Villupuram,Vikkiravandi,55.23,62.73,59,10/1/2019
Groundnut,Tamil Nadu,Villupuram,Gingee,44.61,67.83,56.22,12/9/2019
Groundnut,Tamil Nadu,Villupuram,Villupuram,62.24,71.83,67.86,12/9/2019
Groundnut,Tamil Nadu,Villupuram,Tindivanam,86.23,103.36,98.73,9/30/2019
Groundnut,Tamil Nadu,Vellore,Vellore,73.33,98.9,95,10/10/2019
Groundnut,Tamil Nadu,Villupuram,Ulundurpettai,75.86,108.86,92.36,10/16/2019
Groundnut,Tamil Nadu,Vellore,Vellore,76.26,101.56,101,10/16/2019
Groundnut,Tamil Nadu,Villupuram,Vikkiravandi,59.98,66.5,61.48,10/16/2019
Groundnut,Tamil Nadu,Villupuram,Kallakurichi,52.16,75.36,69.75,11/13/2019
Groundnut,Tamil Nadu,Villupuram,Thirukovilur,52.5,85.11,68.81,10/30/2019
Groundnut,Tamil Nadu,Villupuram,Vikkiravandi,40.23,58.88,42.83,10/30/2019
Groundnut,Tamil Nadu,Thiruvannamalai,Cheyyar,72.98,89.11,86.15,10/21/2019
Groundnut,Tamil Nadu,Villupuram,Gingee,75.08,87.41,81.25,10/21/2019
Groundnut,Tamil Nadu,Thiruvannamalai,Cheyyar,68.29,80.24,78.12,10/9/2019
Groundnut,Tamil Nadu,Villupuram,Gingee,74.99,95.36,85.18,10/9/2019
Groundnut,Tamil Nadu,Villupuram,Avalurpet,53.86,73.99,63.28,12/26/2019
Groundnut,Tamil Nadu,Thiruvannamalai,Cheyyar,40.11,71.22,68.25,12/26/2019
Groundnut,Tamil Nadu,Villupuram,Ulundurpettai,68.49,72.5,70.8,12/26/2019
Groundnut,Tamil Nadu,Villupuram,Villupuram,63.61,63.61,63.61,12/26/2019
Groundnut,Tamil Nadu,Villupuram,Avalurpet,54.61,83.61,74.23,10/29/2019
Groundnut,Tamil Nadu,Thiruvannamalai,Cheyyar,70.88,75.86,73.42,10/29/2019
Groundnut,Tamil Nadu,Villupuram,Villupuram,61.13,71.13,66.13,11/15/2019
Groundnut,Tamil Nadu,Villupuram,Gingee,59.03,70.83,68.13,11/21/2019
Groundnut,Tamil Nadu,Coimbatore,Sevur,55,58.5,56,11/21/2019
Groundnut,Tamil Nadu,Cuddalore,Shrimushnam,63.61,71.28,69.16,11/21/2019
Groundnut,Tamil Nadu,Villupuram,Villupuram,62.58,69.11,65.49,11/6/2019
Groundnut,Tamil Nadu,Villupuram,Avalurpet,81.31,97.38,87.38,10/14/2019
Groundnut,Tamil Nadu,Villupuram,Vikkiravandi,58.8,64.73,61.1,10/14/2019
Groundnut,Tamil Nadu,Erode,Boothapadi,59.16,64.19,62.86,10/16/2019
Groundnut,Tamil Nadu,Thiruvannamalai,Cheyyar,74,86.25,83.76,10/16/2019
Groundnut,Tamil Nadu,Villupuram,Kallakurichi,56.36,83.74,70.05,10/16/2019
Groundnut,Tamil Nadu,Villupuram,Tindivanam,83.36,93.98,92.48,10/16/2019
Groundnut,Tamil Nadu,Villupuram,Avalurpet,66.11,88.73,87.38,10/3/2019
Groundnut,Tamil Nadu,Villupuram,Gingee,74.24,87.16,80.7,10/3/2019
Groundnut,Tamil Nadu,Villupuram,Sangarapuram,55.48,55.48,55.48,10/3/2019
Groundnut,Tamil Nadu,Villupuram,Ulundurpettai,79.61,103.36,91.48,10/3/2019
Groundnut,Tamil Nadu,Villupuram,Gingee,57.49,66.16,61.83,12/31/2019
Groundnut,Tamil Nadu,Villupuram,Gingee,56.38,70.23,66.25,11/14/2019
Groundnut,Tamil Nadu,Villupuram,Villupuram,63.63,68.75,66.62,11/14/2019
Groundnut,Tamil Nadu,Villupuram,Avalurpet,50.12,72.11,70.54,11/26/2019
Groundnut,Tamil Nadu,Thiruvannamalai,Cheyyar,53.86,66.53,64.21,11/26/2019
Groundnut,Tamil Nadu,Villupuram,Vikkiravandi,50.73,58.73,53.53,11/26/2019
Groundnut,Tamil Nadu,Villupuram,Vikkiravandi,42.48,56.23,49.08,11/14/2019
Groundnut,Tamil Nadu,Villupuram,Avalurpet,50.15,65.36,63.15,12/10/2019
Groundnut,Tamil Nadu,Thiruvannamalai,Cheyyar,70.18,76.21,74.18,10/31/2019
Groundnut,Tamil Nadu,Villupuram,Vikkiravandi,35.5,57.6,50.25,10/31/2019
Groundnut,Tamil Nadu,Villupuram,Avalurpet,79.01,86.92,83.13,10/24/2019
Groundnut,Tamil Nadu,Villupuram,Avalurpet,58.98,84.76,70.73,10/22/2019
Groundnut,Tamil Nadu,Cuddalore,Cuddalore,95.86,95.86,95.86,10/22/2019
Groundnut,Tamil Nadu,Cuddalore,Kurinchipadi,71.25,71.25,71.25,10/29/2019
Groundnut,Tamil Nadu,Thiruvannamalai,Cheyyar,58.65,63.71,61.22,11/9/2019
Groundnut,Tamil Nadu,Coimbatore,Sevur,56,60,57.5,11/9/2019
Groundnut,Tamil Nadu,Villupuram,Tindivanam,76.07,94.98,91.61,10/18/2019
Groundnut,Tamil Nadu,Thiruvannamalai,Cheyyar,71.09,83.38,81.18,10/14/2019
Groundnut,Tamil Nadu,Villupuram,Gingee,75.86,89.34,82.5,10/14/2019
Groundnut,Tamil Nadu,Villupuram,Gingee,57.55,73.13,68.75,11/20/2019
Groundnut,Tamil Nadu,Villupuram,Kallakurichi,58.88,74.91,66.9,11/20/2019
Groundnut,Tamil Nadu,Coimbatore,Sevur,55.5,59.5,56,11/20/2019
Groundnut,Tamil Nadu,Coimbatore,Thiruppur,55,70,65,11/20/2019
Groundnut,Tamil Nadu,Villupuram,Gingee,61.49,85.11,73.3,10/24/2019
Groundnut,Tamil Nadu,Villupuram,Sangarapuram,72.48,72.48,72.48,10/24/2019
Groundnut,Tamil Nadu,Villupuram,Ulundurpettai,55.23,95.25,75.24,10/24/2019
Groundnut,Tamil Nadu,Villupuram,Vikkiravandi,51.98,60.35,54.23,10/24/2019
Groundnut,Tamil Nadu,Villupuram,Villupuram,62.56,68.83,64.44,11/5/2019
Groundnut,Tamil Nadu,Villupuram,Kallakurichi,72,75.86,72,11/5/2019
Groundnut,Tamil Nadu,Coimbatore,Sevur,55.5,63,57.5,11/5/2019
Groundnut,Tamil Nadu,Villupuram,Kallakurichi,69.61,69.66,69.64,11/1/2019
Groundnut,Tamil Nadu,Villupuram,Thirukovilur,57.61,77.99,68.8,11/1/2019
Groundnut,Tamil Nadu,Villupuram,Tindivanam,40.86,76.25,69.55,11/1/2019
Groundnut,Tamil Nadu,Villupuram,Avalurpet,76.92,94.98,92.53,10/15/2019
Groundnut,Tamil Nadu,Thiruvannamalai,Cheyyar,72.25,84.69,82.14,10/15/2019
Groundnut,Tamil Nadu,Villupuram,Gingee,75,87.36,79.38,10/15/2019
Groundnut,Tamil Nadu,Coimbatore,Sevur,56,74.5,58,10/15/2019
Groundnut,Tamil Nadu,Villupuram,Ulundurpettai,83.36,104.23,93.79,10/15/2019
Groundnut,Tamil Nadu,Villupuram,Vikkiravandi,58.48,66.33,62.73,10/15/2019
Groundnut,Tamil Nadu,Villupuram,Kallakurichi,61.15,67.4,64.28,11/6/2019
Groundnut,Tamil Nadu,Villupuram,Gingee,70.86,86.2,81.25,10/11/2019
Groundnut,Tamil Nadu,Villupuram,Ulundurpettai,65.11,81.73,73.42,10/11/2019
Groundnut,Tamil Nadu,Villupuram,Avalurpet,58.61,86.28,81.76,10/23/2019
Groundnut,Tamil Nadu,Villupuram,Gingee,67.49,84.61,79.38,10/23/2019
Groundnut,Tamil Nadu,Villupuram,Kallakurichi,53.86,76.86,65.36,12/6/2019
Groundnut,Tamil Nadu,Villupuram,Tindivanam,60.86,68.43,62.55,12/6/2019
Groundnut,Tamil Nadu,Villupuram,Sangarapuram,88.91,88.91,88.91,10/15/2019
Groundnut,Tamil Nadu,Villupuram,Villupuram,72.36,79.86,75.99,10/31/2019
Groundnut,Tamil Nadu,Cuddalore,Kurinchipadi,87.61,87.61,87.61,10/17/2019
Groundnut,Tamil Nadu,Vellore,Vellore,77.61,102.36,102,10/17/2019
Groundnut,Tamil Nadu,Erode,Anthiyur,50.69,65,62.69,10/24/2019
Groundnut,Tamil Nadu,Villupuram,Kallakurichi,63.99,83.11,73.55,10/24/2019
Groundnut,Tamil Nadu,Villupuram,Tindivanam,52.61,90.86,84.99,10/24/2019
Groundnut,Tamil Nadu,Villupuram,Avalurpet,60,77.49,72.63,10/31/2019
Groundnut,Tamil Nadu,Villupuram,Ulundurpettai,56.73,75.83,67.63,10/31/2019
Groundnut,Tamil Nadu,Erode,Anthiyur,41.5,56,46.11,12/5/2019
Groundnut,Tamil Nadu,Villupuram,Kallakurichi,58.88,78.78,68.83,12/5/2019
Groundnut,Tamil Nadu,Namakkal,Rasipuram,45,48,46.5,12/5/2019
Groundnut,Tamil Nadu,Coimbatore,Sevur,55,57.2,56,12/5/2019
Groundnut,Tamil Nadu,Villupuram,Tindivanam,60.36,69.75,64.24,12/5/2019
Groundnut,Tamil Nadu,Villupuram,Kallakurichi,61.36,71.25,66.31,11/27/2019
Groundnut,Tamil Nadu,Coimbatore,Sevur,55,57.8,56.5,11/27/2019
Groundnut,Tamil Nadu,Villupuram,Tindivanam,63.78,76.41,70.1,11/27/2019
Groundnut,Tamil Nadu,Villupuram,Ulundurpettai,66.23,89.61,77.92,10/23/2019
Groundnut,Tamil Nadu,Villupuram,Vikkiravandi,45.48,58.98,54.8,10/23/2019
Groundnut,Tamil Nadu,Villupuram,Kallakurichi,75.24,79.74,77.49,10/21/2019
Groundnut,Tamil Nadu,Coimbatore,Sevur,56,72,58.5,10/21/2019
Groundnut,Tamil Nadu,Coimbatore,Sevur,55,58.5,57,11/30/2019
Groundnut,Tamil Nadu,Villupuram,Avalurpet,65.98,75.75,67.88,11/4/2019
Groundnut,Tamil Nadu,Thiruvannamalai,Cheyyar,44.62,70.86,68.3,11/4/2019
Groundnut,Tamil Nadu,Villupuram,Chinnasalem,45,64.49,50,11/4/2019
Groundnut,Tamil Nadu,Villupuram,Gingee,48.36,71.24,65.63,11/4/2019
Groundnut,Tamil Nadu,Villupuram,Vikkiravandi,37.5,50.6,45.6,11/4/2019
Groundnut,Tamil Nadu,Thiruvannamalai,Cheyyar,66.49,78.17,76.1,10/25/2019
Groundnut,Tamil Nadu,Villupuram,Gingee,52.99,81.36,67.18,10/25/2019
Groundnut,Tamil Nadu,Villupuram,Sangarapuram,77.61,77.61,77.61,10/25/2019
Groundnut,Tamil Nadu,Villupuram,Vikkiravandi,47.48,60.07,56.73,10/25/2019
Groundnut,Tamil Nadu,Villupuram,Villupuram,65.49,83.61,74.24,10/25/2019
Groundnut,Tamil Nadu,Thiruvannamalai,Cheyyar,66.61,77.16,74.34,10/30/2019
Groundnut,Tamil Nadu,Villupuram,Kallakurichi,55.91,68.86,62.39,10/30/2019
Groundnut,Tamil Nadu,Coimbatore,Sevur,55.5,62.5,57,10/30/2019
Groundnut,Tamil Nadu,Villupuram,Tindivanam,43.86,85.65,73.48,10/30/2019
Groundnut,Tamil Nadu,Villupuram,Villupuram,68.61,78.2,71.11,10/30/2019
Groundnut,Tamil Nadu,Villupuram,Ulundurpettai,55.86,64.52,60.19,10/25/2019
Groundnut,Tamil Nadu,Villupuram,Ulundurpettai,86.36,105.36,95.86,10/22/2019
Groundnut,Tamil Nadu,Villupuram,Avalurpet,61.99,67.26,63.65,12/31/2019
Groundnut,Tamil Nadu,Thiruvannamalai,Cheyyar,37.65,65.71,63.21,12/31/2019
Groundnut,Tamil Nadu,Vellore,Vellore,66.49,77.24,75,12/31/2019
Groundnut,Tamil Nadu,Villupuram,Villupuram,62.5,71.24,62.5,12/31/2019
Groundnut,Tamil Nadu,Sivaganga,Singampuneri,50,60,56,12/17/2019
Groundnut,Tamil Nadu,Villupuram,Kallakurichi,65.61,74.11,69.86,12/20/2019
Groundnut,Tamil Nadu,Villupuram,Tindivanam,56.11,74.61,64.99,12/20/2019
Groundnut,Tamil Nadu,Thiruvannamalai,Cheyyar,70.24,84.74,82.18,10/22/2019
Groundnut,Tamil Nadu,Villupuram,Gingee,52.51,86.24,69.38,10/22/2019
Groundnut,Tamil Nadu,Villupuram,Vikkiravandi,44.22,59.48,45.05,10/22/2019
Groundnut,Tamil Nadu,Villupuram,Avalurpet,50.75,68.26,64.61,11/12/2019
Groundnut,Tamil Nadu,Villupuram,Gingee,51.74,68.86,63.13,11/12/2019
Groundnut,Tamil Nadu,Villupuram,Tindivanam,57.73,71.23,66.11,11/12/2019
Groundnut,Tamil Nadu,Villupuram,Sangarapuram,25.25,25.25,25.25,10/29/2019
Groundnut,Tamil Nadu,Villupuram,Ulundurpettai,58.36,76.36,67.36,10/29/2019
Groundnut,Tamil Nadu,Vellore,Vellore,69.44,76.7,74,10/29/2019
Groundnut,Tamil Nadu,Villupuram,Vikkiravandi,49.65,61.48,50.73,10/29/2019
Groundnut,Tamil Nadu,Villupuram,Villupuram,61.2,63.99,62.86,11/26/2019
Groundnut,Tamil Nadu,Erode,Anthiyur,40.07,57,46.39,12/19/2019
Groundnut,Tamil Nadu,Villupuram,Kallakurichi,58.99,80.8,69.9,12/19/2019
Groundnut,Tamil Nadu,Villupuram,Tindivanam,56.24,67.49,61.87,12/19/2019
Groundnut,Tamil Nadu,Erode,Anthiyur,46.09,56,50.39,11/14/2019
Groundnut,Tamil Nadu,Villupuram,Kallakurichi,59.11,73.7,66.41,11/14/2019
Groundnut,Tamil Nadu,Coimbatore,Sevur,56,60.8,58,11/14/2019
Groundnut,Tamil Nadu,Villupuram,Gingee,59.61,71.74,68.75,11/26/2019
Groundnut,Tamil Nadu,Coimbatore,Sevur,55.5,58.5,57,11/26/2019
Groundnut,Tamil Nadu,Villupuram,Tindivanam,46.29,57.32,52.39,11/26/2019
Groundnut,Tamil Nadu,Villupuram,Ulundurpettai,67.75,77.75,72.75,11/26/2019
Groundnut,Tamil Nadu,Villupuram,Thirukovilur,55.41,73.33,63.34,11/4/2019
Groundnut,Tamil Nadu,Villupuram,Tindivanam,46.24,71.11,58.67,11/4/2019
Groundnut,Tamil Nadu,Villupuram,Kallakurichi,57.61,72.46,65.03,12/24/2019
Groundnut,Tamil Nadu,Villupuram,Tindivanam,53.74,67.11,63.98,12/24/2019
Groundnut,Tamil Nadu,Villupuram,Villupuram,56.11,70,61.61,11/8/2019
Groundnut,Tamil Nadu,Villupuram,Avalurpet,50.86,68.36,63.31,12/5/2019
Groundnut,Tamil Nadu,Villupuram,Villupuram,62.75,73.75,66.74,12/5/2019
Groundnut,Tamil Nadu,Thiruvannamalai,Cheyyar,38.72,67.36,65.42,11/18/2019
Groundnut,Tamil Nadu,Villupuram,Sangarapuram,70.13,73.41,73.41,11/18/2019
Groundnut,Tamil Nadu,Vellore,Vellore,64.86,80.14,80,11/18/2019
Groundnut,Tamil Nadu,Villupuram,Vikkiravandi,52.05,59.98,54.53,11/18/2019
Groundnut,Tamil Nadu,Cuddalore,Virudhachalam,51.74,71.36,65.61,12/17/2019
Groundnut,Tamil Nadu,Villupuram,Avalurpet,50.12,67.36,63.68,12/4/2019
Groundnut,Tamil Nadu,Cuddalore,Cuddalore,53.48,53.48,53.48,12/4/2019
Groundnut,Tamil Nadu,Villupuram,Sangarapuram,65.27,78.75,75.41,12/4/2019
Groundnut,Tamil Nadu,Villupuram,Ulundurpettai,78.86,78.86,78.86,12/4/2019
Groundnut,Tamil Nadu,Vellore,Vellore,53.88,72.74,70,12/4/2019
Groundnut,Tamil Nadu,Thiruvannamalai,Cheyyar,55.57,66.6,64.48,11/19/2019
Groundnut,Tamil Nadu,Villupuram,Sangarapuram,57.99,58.33,58.33,11/19/2019
Groundnut,Tamil Nadu,Villupuram,Tindivanam,55.86,71.36,66.11,11/19/2019
Groundnut,Tamil Nadu,Villupuram,Ulundurpettai,67.2,75.11,71.15,11/19/2019
Groundnut,Tamil Nadu,Vellore,Vellore,66.25,72.36,70,11/19/2019
Groundnut,Tamil Nadu,Villupuram,Gingee,55.86,71.16,65.78,11/18/2019
Groundnut,Tamil Nadu,Villupuram,Tindivanam,56.23,73.73,64.5,11/18/2019
Groundnut,Tamil Nadu,Villupuram,Ulundurpettai,65.98,83.61,74.79,11/18/2019
Groundnut,Tamil Nadu,Villupuram,Kallakurichi,56.88,78.75,67.81,11/29/2019
Groundnut,Tamil Nadu,Namakkal,Rasipuram,45,50,47.5,11/29/2019
Groundnut,Tamil Nadu,Villupuram,Tindivanam,58.74,71.99,66,11/29/2019
Groundnut,Tamil Nadu,Erode,Anthiyur,43.46,61,51.06,11/21/2019
Groundnut,Tamil Nadu,Villupuram,Kallakurichi,50.49,71.74,61.11,11/21/2019
Groundnut,Tamil Nadu,Villupuram,Tindivanam,53.98,73.73,64.86,11/21/2019
Groundnut,Tamil Nadu,Villupuram,Gingee,59.86,72.99,67.61,11/25/2019
Groundnut,Tamil Nadu,Villupuram,Kallakurichi,58.04,76.61,67.33,11/25/2019
Groundnut,Tamil Nadu,Cuddalore,Kurinchipadi,59.96,69.5,61.49,11/12/2019
Groundnut,Tamil Nadu,Erode,Anthiyur,44.19,60,51.39,11/28/2019
Groundnut,Tamil Nadu,Villupuram,Kallakurichi,62.99,77.63,70.31,11/28/2019
Groundnut,Tamil Nadu,Coimbatore,Sevur,56,58,57,11/28/2019
Groundnut,Tamil Nadu,Villupuram,Tindivanam,54.61,71.88,66.73,11/28/2019
Groundnut,Tamil Nadu,Villupuram,Avalurpet,52.52,66.61,64.02,11/19/2019
Groundnut,Tamil Nadu,Villupuram,Gingee,56.49,69.38,63.13,11/19/2019
Groundnut,Tamil Nadu,Villupuram,Avalurpet,50.11,68.38,66.13,11/7/2019
Groundnut,Tamil Nadu,Thiruvannamalai,Cheyyar,53.75,65.4,63.47,11/7/2019
Groundnut,Tamil Nadu,Villupuram,Thirukovilur,60.25,68.36,64.31,11/7/2019
Groundnut,Tamil Nadu,Villupuram,Ulundurpettai,58.36,79.36,68.86,11/7/2019
Groundnut,Tamil Nadu,Vellore,Vellore,58.64,73.86,72,11/7/2019
Groundnut,Tamil Nadu,Villupuram,Vikkiravandi,40.98,50.93,44.48,11/7/2019
Groundnut,Tamil Nadu,Villupuram,Villupuram,62.66,66.11,63.83,11/7/2019
Groundnut,Tamil Nadu,Thiruvannamalai,Arani,51.99,52.01,52,11/22/2019
Groundnut,Tamil Nadu,Villupuram,Avalurpet,55.86,70.73,66.11,11/22/2019
Groundnut,Tamil Nadu,Thiruvannamalai,Cheyyar,52.51,65.88,63.2,11/22/2019
Groundnut,Tamil Nadu,Villupuram,Gingee,56.98,68.61,62.79,11/22/2019
Groundnut,Tamil Nadu,Cuddalore,Shrimushnam,66.04,72.64,70.28,11/22/2019
Groundnut,Tamil Nadu,Villupuram,Ulundurpettai,61.11,77.36,69.23,11/22/2019
Groundnut,Tamil Nadu,Vellore,Vellore,61.11,79.06,75,11/22/2019
Groundnut,Tamil Nadu,Villupuram,Villupuram,61.11,61.11,61.11,11/22/2019
Groundnut,Tamil Nadu,Cuddalore,Virudhachalam,61.62,79.61,69.81,11/22/2019
Groundnut,Tamil Nadu,Villupuram,Tindivanam,56.48,74.86,66.23,11/22/2019
Groundnut,Tamil Nadu,Villupuram,Vikkiravandi,44.98,55.93,52.8,11/22/2019
Groundnut,Tamil Nadu,Villupuram,Thirukovilur,67.44,78,69.38,12/3/2019
Groundnut,Tamil Nadu,Villupuram,Ulundurpettai,48.74,72.36,66.83,12/3/2019
Groundnut,Tamil Nadu,Villupuram,Gingee,55,66.74,63.24,11/7/2019
Groundnut,Tamil Nadu,Villupuram,Avalurpet,58.5,73.25,63.36,12/13/2019
Groundnut,Tamil Nadu,Villupuram,Kallakurichi,63.39,77.19,70.28,12/13/2019
Groundnut,Tamil Nadu,Coimbatore,Sevur,55,60,55.4,12/13/2019
Groundnut,Tamil Nadu,Villupuram,Thirukovilur,65.63,73.74,69.38,12/13/2019
Groundnut,Tamil Nadu,Villupuram,Tindivanam,58.61,71.36,66.38,12/13/2019
Groundnut,Tamil Nadu,Villupuram,Ulundurpettai,66.11,83.36,66.13,12/13/2019
Groundnut,Tamil Nadu,Vellore,Vellore,58.99,73.36,72,12/13/2019
Groundnut,Tamil Nadu,Villupuram,Vikkiravandi,55.5,59.3,59.3,12/13/2019
Groundnut,Tamil Nadu,Villupuram,Villupuram,67.86,68.36,67.98,12/13/2019
Groundnut,Tamil Nadu,Villupuram,Kallakurichi,52.61,76.41,64.51,12/9/2019
Groundnut,Tamil Nadu,Villupuram,Tindivanam,57.99,71.25,65.23,12/9/2019
Groundnut,Tamil Nadu,Thiruvannamalai,Cheyyar,59.87,67.23,63.9,11/15/2019
Groundnut,Tamil Nadu,Vellore,Vellore,55.05,75.86,70,11/15/2019
Groundnut,Tamil Nadu,Villupuram,Vikkiravandi,40.5,58.73,48.23,11/15/2019
Groundnut,Tamil Nadu,Coimbatore,Sevur,55.5,58.5,57.5,11/8/2019
Groundnut,Tamil Nadu,Villupuram,Thirukovilur,61.11,69.11,62.63,11/8/2019
Groundnut,Tamil Nadu,Villupuram,Tindivanam,45.36,69.99,57.68,11/8/2019
Groundnut,Tamil Nadu,Coimbatore,Sevur,56,58.5,57,11/11/2019
Groundnut,Tamil Nadu,Villupuram,Villupuram,65,66.25,65.75,11/28/2019
Groundnut,Tamil Nadu,Villupuram,Villupuram,57.88,62.11,60.61,11/21/2019
Groundnut,Tamil Nadu,Villupuram,Kallakurichi,57.49,77.99,66.24,12/17/2019
Groundnut,Tamil Nadu,Villupuram,Tindivanam,57.75,70.49,66.11,12/17/2019
Groundnut,Tamil Nadu,Erode,Anthiyur,41.39,55,48.7,12/26/2019
Groundnut,Tamil Nadu,Villupuram,Kallakurichi,60.86,64.62,62.55,12/26/2019
Groundnut,Tamil Nadu,Coimbatore,Sevur,53.5,54.5,54,12/26/2019
Groundnut,Tamil Nadu,Thiruvannamalai,Cheyyar,54.62,72.07,69.32,11/11/2019
Groundnut,Tamil Nadu,Villupuram,Gingee,51.49,67.11,63.29,11/11/2019
Groundnut,Tamil Nadu,Villupuram,Ulundurpettai,62.86,76.25,69.55,11/11/2019
Groundnut,Tamil Nadu,Villupuram,Vikkiravandi,44.75,51.33,46.75,11/11/2019
Groundnut,Tamil Nadu,Villupuram,Kallakurichi,63.24,70.61,66.93,12/31/2019
Groundnut,Tamil Nadu,Thiruvannamalai,Cheyyar,54.62,65.57,63.25,12/2/2019
Groundnut,Tamil Nadu,Villupuram,Gingee,57.44,71.66,66.86,12/2/2019
Groundnut,Tamil Nadu,Villupuram,Tindivanam,62.36,70.99,67.24,12/2/2019
Groundnut,Tamil Nadu,Villupuram,Kallakurichi,51.49,77.36,64.43,11/18/2019
Groundnut,Tamil Nadu,Coimbatore,Sevur,55,59,57,11/18/2019
Groundnut,Tamil Nadu,Ariyalur,Ariyalur Market,48.9,51,49.5,12/16/2019
Groundnut,Tamil Nadu,Villupuram,Avalurpet,50.37,66.48,64.86,12/3/2019
Groundnut,Tamil Nadu,Thiruvannamalai,Cheyyar,54.02,66.98,63.88,12/3/2019
Groundnut,Tamil Nadu,Villupuram,Gingee,64.24,71.66,67.95,12/3/2019
Groundnut,Tamil Nadu,Villupuram,Tindivanam,62.36,69.99,66.18,12/3/2019
Groundnut,Tamil Nadu,Thiruvannamalai,Arani,50.58,50.6,50.59,11/19/2019
Groundnut,Tamil Nadu,Villupuram,Kallakurichi,53.24,75.83,64.54,11/19/2019
Groundnut,Tamil Nadu,Coimbatore,Sevur,55,59,56,11/19/2019
Groundnut,Tamil Nadu,Villupuram,Gingee,51.79,98.26,72.52,11/15/2019
Groundnut,Tamil Nadu,Villupuram,Ulundurpettai,66.36,83.73,75.04,11/15/2019
Groundnut,Tamil Nadu,Villupuram,Kallakurichi,51.24,80.16,65.7,12/10/2019
Groundnut,Tamil Nadu,Villupuram,Tindivanam,55.86,67.11,61.49,12/10/2019
Groundnut,Tamil Nadu,Thiruvannamalai,Cheyyar,54.73,66.87,65.35,11/12/2019
Groundnut,Tamil Nadu,Villupuram,Sangarapuram,67,67,67,11/12/2019
Groundnut,Tamil Nadu,Villupuram,Ulundurpettai,58.73,79.23,68.98,11/12/2019
Groundnut,Tamil Nadu,Villupuram,Vikkiravandi,45.47,54.05,49.23,11/12/2019
Groundnut,Tamil Nadu,Villupuram,Avalurpet,50.12,66.36,63.9,12/2/2019
Groundnut,Tamil Nadu,Villupuram,Sangarapuram,70.11,70.11,70.11,12/2/2019
Groundnut,Tamil Nadu,Villupuram,Ulundurpettai,63.48,78.61,71.04,12/2/2019
Groundnut,Tamil Nadu,Vellore,Vellore,65,79.38,70,12/2/2019
Groundnut,Tamil Nadu,Villupuram,Vikkiravandi,53.85,58.85,55,12/2/2019
Groundnut,Tamil Nadu,Villupuram,Kallakurichi,57.61,72,64.81,11/22/2019
Groundnut,Tamil Nadu,Coimbatore,Sevur,55,58.5,56.5,11/22/2019
Groundnut,Tamil Nadu,Coimbatore,Anaimalai,50,55,52,11/26/2019
Groundnut,Tamil Nadu,Villupuram,Kallakurichi,58.75,72.49,65.63,11/26/2019
Groundnut,Tamil Nadu,Thiruvannamalai,Cheyyar,58.6,67.08,64.32,11/13/2019
Groundnut,Tamil Nadu,Villupuram,Thirukovilur,57.16,71.62,64.39,11/13/2019
Groundnut,Tamil Nadu,Villupuram,Ulundurpettai,65.11,72.36,68.73,11/13/2019
Groundnut,Tamil Nadu,Vellore,Vellore,64.12,72,70,11/13/2019
Groundnut,Tamil Nadu,Villupuram,Avalurpet,61,67.5,64.23,12/23/2019
Groundnut,Tamil Nadu,Thiruvannamalai,Cheyyar,53.72,65.86,62.98,12/4/2019
Groundnut,Tamil Nadu,Coimbatore,Sevur,55,57,56,12/4/2019
Groundnut,Tamil Nadu,Villupuram,Kallakurichi,60.13,67.41,63.83,11/11/2019
Groundnut,Tamil Nadu,Villupuram,Gingee,56.79,70.2,65,11/13/2019
Groundnut,Tamil Nadu,Vellore,Gudiyatham,43,50.73,47,11/13/2019
Groundnut,Tamil Nadu,Cuddalore,Panruti,42.29,52.86,42.29,11/26/2019
Groundnut,Tamil Nadu,Villupuram,Villupuram,64.13,75.86,65.36,11/29/2019
Groundnut,Tamil Nadu,Villupuram,Kallakurichi,57.61,77.74,67.68,12/30/2019
Groundnut,Tamil Nadu,Villupuram,Avalurpet,50.37,67.11,64.76,11/25/2019
Groundnut,Tamil Nadu,Villupuram,Villupuram,62.9,73.94,67.36,11/25/2019
Groundnut,Tamil Nadu,Cuddalore,Kurinchipadi,55.24,69.7,55.84,11/25/2019
Groundnut,Tamil Nadu,Villupuram,Avalurpet,61.37,67.11,64.23,12/16/2019
Groundnut,Tamil Nadu,Thiruvannamalai,Cheyyar,45.15,66.86,62.98,12/16/2019
Groundnut,Tamil Nadu,Villupuram,Thirukovilur,61.49,72.36,66.25,12/16/2019
Groundnut,Tamil Nadu,Villupuram,Ulundurpettai,68.36,79.7,73.13,12/16/2019
Groundnut,Tamil Nadu,Vellore,Vellore,66.49,81.5,80,12/16/2019
Groundnut,Tamil Nadu,Villupuram,Kallakurichi,57.61,68.53,63.08,12/27/2019
Groundnut,Tamil Nadu,Villupuram,Tindivanam,55.88,65,60.88,12/27/2019
Groundnut,Tamil Nadu,Cuddalore,Shrimushnam,64.11,68.9,67.11,12/9/2019
Groundnut,Tamil Nadu,Villupuram,Avalurpet,54.11,67.74,62.66,12/30/2019
Groundnut,Tamil Nadu,Vellore,Vellore,68.24,78.13,75,12/30/2019
Groundnut,Tamil Nadu,Vellore,Vellore,65.5,79.5,78,12/3/2019
Groundnut,Tamil Nadu,Villupuram,Villupuram,62.74,66.36,64.55,12/3/2019
Groundnut,Tamil Nadu,Villupuram,Villupuram,64.95,76.24,72.49,12/16/2019
Groundnut,Tamil Nadu,Villupuram,Avalurpet,50.12,69.96,64.11,12/17/2019
Groundnut,Tamil Nadu,Thiruvannamalai,Cheyyar,59.92,70.15,67.18,12/17/2019
Groundnut,Tamil Nadu,Villupuram,Gingee,55.86,71.61,63.74,12/17/2019
Groundnut,Tamil Nadu,Coimbatore,Sevur,55.5,56.5,56.2,12/17/2019
Groundnut,Tamil Nadu,Villupuram,Ulundurpettai,62.23,71.36,66.79,12/17/2019
Groundnut,Tamil Nadu,Vellore,Vellore,60.83,82.25,81,12/17/2019
Groundnut,Tamil Nadu,Villupuram,Vikkiravandi,42.85,61.73,55.73,12/17/2019
Groundnut,Tamil Nadu,Villupuram,Villupuram,61.25,65.61,64.61,12/23/2019
Groundnut,Tamil Nadu,Villupuram,Thirukovilur,65.74,74.63,68.75,12/26/2019
Groundnut,Tamil Nadu,Cuddalore,Virudhachalam,42.52,87.61,70.86,12/26/2019
Groundnut,Tamil Nadu,Coimbatore,Sevur,55,57.5,56,12/3/2019
Groundnut,Tamil Nadu,Villupuram,Kallakurichi,51.24,67.66,59.45,12/2/2019
Groundnut,Tamil Nadu,Coimbatore,Sevur,56,57.5,57,12/2/2019
Groundnut,Tamil Nadu,Thiruvannamalai,Cheyyar,43.07,65.61,62.4,12/30/2019
Groundnut,Tamil Nadu,Villupuram,Thirukovilur,65.19,78.61,71.9,12/30/2019
Groundnut,Tamil Nadu,Villupuram,Tindivanam,52.61,67.74,61.23,12/30/2019
Groundnut,Tamil Nadu,Villupuram,Ulundurpettai,60.86,73.75,67.3,12/30/2019
Groundnut,Tamil Nadu,Villupuram,Vikkiravandi,61.03,65.4,63.93,12/30/2019
Groundnut,Tamil Nadu,Salem,Kolathur,58,60,59,12/7/2019
Groundnut,Tamil Nadu,Villupuram,Ulundurpettai,65.36,78.73,72.04,12/5/2019
Groundnut,Tamil Nadu,Villupuram,Avalurpet,51.12,68.86,65.11,12/6/2019
Groundnut,Tamil Nadu,Thiruvannamalai,Cheyyar,51.52,66.36,63.22,12/6/2019
Groundnut,Tamil Nadu,Villupuram,Ulundurpettai,67.83,78.98,73.4,12/6/2019
Groundnut,Tamil Nadu,Vellore,Vellore,57.33,84.36,80,12/6/2019
Groundnut,Tamil Nadu,Villupuram,Vikkiravandi,57.43,62.15,57.57,12/6/2019
Groundnut,Tamil Nadu,Villupuram,Ulundurpettai,68.49,79.74,73.49,11/27/2019
Groundnut,Tamil Nadu,Villupuram,Kallakurichi,57.11,73.86,65.49,12/4/2019
Groundnut,Tamil Nadu,Villupuram,Tindivanam,57.64,72.61,67.49,12/4/2019
Groundnut,Tamil Nadu,Thiruvannamalai,Cheyyar,57.73,65.86,63.19,12/5/2019
Groundnut,Tamil Nadu,Villupuram,Gingee,55.86,65.86,60.86,12/5/2019
Groundnut,Tamil Nadu,Villupuram,Ulundurpettai,68.61,84.61,76.61,12/18/2019
Groundnut,Tamil Nadu,Vellore,Vellore,67.36,80.21,80,12/18/2019
Groundnut,Tamil Nadu,Villupuram,Vikkiravandi,56.73,61.98,57.8,12/18/2019
Groundnut,Tamil Nadu,Ariyalur,Ariyalur Market,48.9,51,49,12/4/2019
Groundnut,Tamil Nadu,Villupuram,Sangarapuram,60.4,68.74,68.74,12/16/2019
